_id,client_id,service,date,time,status,payment_status,total,__v,addOns[0],receipt_uploaded
"{""$oid"": ""3821c91801764a159d6ec071""}",671d08bb309149f8b600cab9,2999 / Specials 100 mins / Self-Directed Portrait,2023-10-12T00:00:00.000000+00:00,3:00 PM to 4:00 PM,done,pending,2999,0,,yes
"{""$oid"": ""23c606d444a44a3ba06d3492""}",671d08bb309149f8b600ca7b,299 / Solo 15 mins / Self-Directed Portrait,2023-10-11T00:00:00.000000+00:00,9:00 AM to 10:00 AM,done,pending,548,0,Take all enhanced photos,yes
"{""$oid"": ""51e659d123744a75926e7238""}",671d08bb309149f8b600ca31,899 / Solo 20 mins / Shoot with Professional,2022-03-23T00:00:00.000000+00:00,8:00 AM to 9:00 AM,done,pending,1148,0,Take all enhanced photos,yes
"{""$oid"": ""726e2231ab5c4ad3876ee92d""}",671d08bb309149f8b600ca1f,3999 / Specials 120 mins / Shoot with Professional,2023-11-02T00:00:00.000000+00:00,3:00 PM to 4:00 PM,done,pending,4498,0,Additional 15 mins,yes
"{""$oid"": ""7ea691f7a918424383003443""}",671d08bb309149f8b600cac3,549 / Duo 15 mins / Self-Directed Portrait,2023-09-22T00:00:00.000000+00:00,5:00 PM to 6:00 PM,done,pending,798,0,Additional Pet,yes
"{""$oid"": ""8248d7044aa54b0dbc5c9212""}",671d08bb309149f8b600cab8,299 / Solo 15 mins / Self-Directed Portrait,2022-11-18T00:00:00.000000+00:00,4:00 PM to 5:00 PM,done,pending,798,0,Additional 15 mins,yes
"{""$oid"": ""41e00ceb064d4ef985a60750""}",671d08bb309149f8b600cac7,299 / Solo 15 mins / Self-Directed Portrait,2022-02-23T00:00:00.000000+00:00,3:00 PM to 4:00 PM,done,pending,798,0,Additional 15 mins,yes
"{""$oid"": ""c0d3d9caa39040ee8c73a39b""}",671d08bb309149f8b600ca68,3999 / Specials 120 mins / Shoot with Professional,2023-11-12T00:00:00.000000+00:00,10:00 AM to 11:00 AM,done,pending,4248,0,Additional Person,yes
"{""$oid"": ""47392c70dfa4409c9c8d9785""}",671d08bb309149f8b600ca6b,899 / Duo 30 mins / Self-Directed Portrait,2023-08-31T00:00:00.000000+00:00,0:00 PM to 1:00 PM,done,pending,1148,0,Additional Pet,yes
"{""$oid"": ""4d45301d806c45cbad5671f8""}",671d08bb309149f8b600ca17,899 / Solo 20 mins / Shoot with Professional,2022-12-22T00:00:00.000000+00:00,1:00 PM to 2:00 PM,done,pending,1148,0,Additional 10 mins,yes
"{""$oid"": ""a9c3359bcaf14a4ab5d6665b""}",671d08bb309149f8b600ca8d,899 / Solo 20 mins / Shoot with Professional,2022-04-17T00:00:00.000000+00:00,5:00 PM to 6:00 PM,done,pending,899,0,,yes
"{""$oid"": ""8be2c8c98dc945a483b63624""}",671d08bb309149f8b600cabf,899 / Solo 20 mins / Shoot with Professional,2022-07-29T00:00:00.000000+00:00,11:00 AM to 12:00 AM,done,pending,899,0,,yes
"{""$oid"": ""488a6fad1b564b17b580c0c9""}",671d08bb309149f8b600cab1,1999 / Group 30 mins / Shoot with Professional,2023-02-04T00:00:00.000000+00:00,0:00 PM to 1:00 PM,done,pending,2248,0,Additional 10 mins,yes
"{""$oid"": ""050dc698d9bc4a168675012a""}",671d08bb309149f8b600ca4d,3999 / Specials 120 mins / Shoot with Professional,2024-08-29T00:00:00.000000+00:00,4:00 PM to 5:00 PM,done,pending,4248,0,Additional Person,yes
"{""$oid"": ""c90b2333d8e7441690eba1a5""}",671d08bb309149f8b600ca75,1999 / Group 30 mins / Shoot with Professional,2023-02-09T00:00:00.000000+00:00,1:00 PM to 2:00 PM,done,pending,2248,0,Take all enhanced photos,yes
"{""$oid"": ""ba88c71372d14a8ba32171a0""}",671d08bb309149f8b600ca9e,1899 / Duo 40 mins / Shoot with Professional,2022-11-12T00:00:00.000000+00:00,5:00 PM to 6:00 PM,done,pending,2148,0,Take all enhanced photos,yes
"{""$oid"": ""addac3c2376b412faef41f6d""}",671d08bb309149f8b600cab3,549 / Solo 30 mins / Self-Directed Portrait,2023-07-30T00:00:00.000000+00:00,9:00 AM to 10:00 AM,done,pending,549,0,,yes
"{""$oid"": ""a101940620da49109d8d0922""}",671d08bb309149f8b600ca9e,1599 / Solo 40 mins / Shoot with Professional,2023-07-21T00:00:00.000000+00:00,11:00 AM to 12:00 AM,done,pending,1848,0,Additional Pet,yes
"{""$oid"": ""86dd683bf0d744f5b99b4efc""}",671d08bb309149f8b600ca4f,299 / Solo 15 mins / Self-Directed Portrait,2024-03-28T00:00:00.000000+00:00,11:00 AM to 12:00 AM,done,pending,548,0,Additional Person,yes
"{""$oid"": ""9d41061f7d12479bbb8e3425""}",671d08bb309149f8b600cab8,1099 / Duo 20 mins / Shoot with Professional,2023-01-07T00:00:00.000000+00:00,11:00 AM to 12:00 AM,done,pending,1348,0,Additional Pet,yes
"{""$oid"": ""9757bde5ef124be993556438""}",671d08bb309149f8b600ca07,1899 / Duo 40 mins / Shoot with Professional,2024-06-21T00:00:00.000000+00:00,1:00 PM to 2:00 PM,done,pending,1899,0,,yes
"{""$oid"": ""5cca5039033241eb860f851a""}",671d08bb309149f8b600ca62,299 / Solo 15 mins / Self-Directed Portrait,2023-08-23T00:00:00.000000+00:00,1:00 PM to 2:00 PM,done,pending,548,0,Additional Pet,yes
"{""$oid"": ""df7142d83b2c4edbb356f8f5""}",671d08bb309149f8b600ca48,549 / Duo 15 mins / Self-Directed Portrait,2023-08-28T00:00:00.000000+00:00,8:00 AM to 9:00 AM,done,pending,1048,0,Additional 15 mins,yes
"{""$oid"": ""5c03714c17d5479ebeddfcd0""}",671d08bb309149f8b600ca08,899 / Duo 30 mins / Self-Directed Portrait,2024-05-14T00:00:00.000000+00:00,3:00 PM to 4:00 PM,done,pending,1148,0,Additional 10 mins,yes
"{""$oid"": ""9af41fa24240456b8f9b0965""}",671923c81a5fca27175f3072,549 / Solo 30 mins / Self-Directed Portrait,2023-11-24T00:00:00.000000+00:00,5:00 PM to 6:00 PM,done,pending,1048,0,Additional 15 mins,yes
"{""$oid"": ""9b9364cda97e41b897c8f882""}",671d08bb309149f8b600ca3a,1099 / Duo 20 mins / Shoot with Professional,2022-02-09T00:00:00.000000+00:00,8:00 AM to 9:00 AM,done,pending,1348,0,Additional Pet,yes
"{""$oid"": ""cb2c28d336bd4b0596d28670""}",671d08bb309149f8b600ca14,2999 / Specials 100 mins / Self-Directed Portrait,2023-11-03T00:00:00.000000+00:00,1:00 PM to 2:00 PM,done,pending,3248,0,Additional Person,yes
"{""$oid"": ""ec5c1e8bd60e430ba6e08e64""}",671d08bb309149f8b600cac8,1499 / Group 40 mins / Self-Directed Portrait,2024-08-07T00:00:00.000000+00:00,8:00 AM to 9:00 AM,done,pending,1499,0,,yes
"{""$oid"": ""c59c853799ba44be960ea065""}",671d08bb309149f8b600ca25,2999 / Specials 100 mins / Self-Directed Portrait,2024-06-06T00:00:00.000000+00:00,9:00 AM to 10:00 AM,done,pending,3248,0,Additional Person,yes
"{""$oid"": ""c2f24240d62b4cd589b4c922""}",671d08bb309149f8b600ca98,899 / Duo 30 mins / Self-Directed Portrait,2023-11-15T00:00:00.000000+00:00,9:00 AM to 10:00 AM,done,pending,1398,0,Additional 15 mins,yes
"{""$oid"": ""cd24455a5cdd40b784a04db5""}",671d08bb309149f8b600ca40,1899 / Duo 40 mins / Shoot with Professional,2023-12-11T00:00:00.000000+00:00,10:00 AM to 11:00 AM,done,pending,2148,0,Additional Person,yes
"{""$oid"": ""a21579b257d94b2a91d47589""}",671d08bb309149f8b600ca71,1599 / Solo 40 mins / Shoot with Professional,2024-03-28T00:00:00.000000+00:00,11:00 AM to 12:00 AM,done,pending,2098,0,Additional 15 mins,yes
"{""$oid"": ""9dc015f490a0447282782930""}",671d08bb309149f8b600caa8,3999 / Specials 120 mins / Shoot with Professional,2022-03-04T00:00:00.000000+00:00,5:00 PM to 6:00 PM,done,pending,4248,0,Additional 10 mins,yes
"{""$oid"": ""3a9d80270ec448f6975c544b""}",671d08bb309149f8b600ca32,899 / Group 20 mins / Self-Directed Portrait,2022-11-20T00:00:00.000000+00:00,0:00 PM to 1:00 PM,done,pending,1148,0,Additional 10 mins,yes
"{""$oid"": ""094134120b6846808e483c42""}",671d08bb309149f8b600ca59,899 / Group 20 mins / Self-Directed Portrait,2023-01-25T00:00:00.000000+00:00,10:00 AM to 11:00 AM,done,pending,1148,0,Additional 10 mins,yes
"{""$oid"": ""4deb27ea06ae48febf2d0129""}",671d08bb309149f8b600cabe,899 / Duo 30 mins / Self-Directed Portrait,2022-11-01T00:00:00.000000+00:00,4:00 PM to 5:00 PM,done,pending,1148,0,Take all enhanced photos,yes
"{""$oid"": ""127c22513f3640bdaf31fd16""}",671d08bb309149f8b600caa3,3999 / Specials 120 mins / Shoot with Professional,2022-08-13T00:00:00.000000+00:00,2:00 PM to 3:00 PM,done,pending,4248,0,Additional 10 mins,yes
"{""$oid"": ""74185b05180d4d56abeed30a""}",671d08bb309149f8b600cabc,899 / Solo 20 mins / Shoot with Professional,2024-06-17T00:00:00.000000+00:00,3:00 PM to 4:00 PM,done,pending,1148,0,Take all enhanced photos,yes
"{""$oid"": ""1b78d40ef64e41a7993e39d5""}",671d08bb309149f8b600ca2c,1499 / Group 40 mins / Self-Directed Portrait,2024-04-03T00:00:00.000000+00:00,5:00 PM to 6:00 PM,done,pending,1748,0,Additional Person,yes
"{""$oid"": ""4a923486bd1443fdbd3515aa""}",671d08bb309149f8b600ca8b,2999 / Specials 100 mins / Self-Directed Portrait,2024-04-14T00:00:00.000000+00:00,3:00 PM to 4:00 PM,done,pending,2999,0,,yes
"{""$oid"": ""3298f06cda4447c9a13c7acf""}",671d08bb309149f8b600ca46,2899 / Group 60 mins / Shoot with Professional,2023-12-08T00:00:00.000000+00:00,1:00 PM to 2:00 PM,done,pending,2899,0,,yes
"{""$oid"": ""2cb5d8f490494597afcf3af0""}",671d08bb309149f8b600ca36,2899 / Group 60 mins / Shoot with Professional,2023-05-23T00:00:00.000000+00:00,3:00 PM to 4:00 PM,done,pending,3148,0,Additional Person,yes
"{""$oid"": ""6357593285034750883a48ea""}",671d08bb309149f8b600cac7,1099 / Duo 20 mins / Shoot with Professional,2023-08-22T00:00:00.000000+00:00,11:00 AM to 12:00 AM,done,pending,1348,0,Additional 10 mins,yes
"{""$oid"": ""606a596b4d104e8d8ab5a4e3""}",671d08bb309149f8b600ca63,549 / Duo 15 mins / Self-Directed Portrait,2023-04-19T00:00:00.000000+00:00,9:00 AM to 10:00 AM,done,pending,1048,0,Additional 15 mins,yes
"{""$oid"": ""43ee45d95baf4b3bbe2c19f5""}",671d08bb309149f8b600ca8b,1599 / Solo 40 mins / Shoot with Professional,2022-02-20T00:00:00.000000+00:00,4:00 PM to 5:00 PM,done,pending,1848,0,Additional Person,yes
"{""$oid"": ""2b884f98e2424913b36c1315""}",671d08bb309149f8b600ca9a,2899 / Group 60 mins / Shoot with Professional,2023-11-06T00:00:00.000000+00:00,9:00 AM to 10:00 AM,done,pending,3148,0,Additional Pet,yes
"{""$oid"": ""fe1bc34baef6400683edaf8b""}",671d08bb309149f8b600caad,1599 / Solo 40 mins / Shoot with Professional,2022-01-28T00:00:00.000000+00:00,10:00 AM to 11:00 AM,done,pending,1848,0,Additional Pet,yes
"{""$oid"": ""303fb7d1f4fd4168890bd068""}",671d08bb309149f8b600ca09,549 / Solo 30 mins / Self-Directed Portrait,2022-07-26T00:00:00.000000+00:00,2:00 PM to 3:00 PM,done,pending,798,0,Additional Person,yes
"{""$oid"": ""e6348331f002499ca9c16d85""}",671d08bb309149f8b600ca46,899 / Group 20 mins / Self-Directed Portrait,2022-08-09T00:00:00.000000+00:00,11:00 AM to 12:00 AM,done,pending,1148,0,Additional Pet,yes
"{""$oid"": ""f14539b311e247b38be6d5b8""}",671d08bb309149f8b600ca9b,1099 / Duo 20 mins / Shoot with Professional,2024-09-07T00:00:00.000000+00:00,2:00 PM to 3:00 PM,done,pending,1348,0,Additional Pet,yes
"{""$oid"": ""d6f3e1d29ea44bc390a458b0""}",671d08bb309149f8b600ca2b,1499 / Group 40 mins / Self-Directed Portrait,2022-04-10T00:00:00.000000+00:00,0:00 PM to 1:00 PM,done,pending,1748,0,Additional Pet,yes
"{""$oid"": ""77d4433f05b647a194b60c8c""}",671d08bb309149f8b600ca8a,899 / Solo 20 mins / Shoot with Professional,2022-01-07T00:00:00.000000+00:00,8:00 AM to 9:00 AM,done,pending,1148,0,Take all enhanced photos,yes
"{""$oid"": ""ff81fb95129841a19646fd0a""}",671d08bb309149f8b600caa5,899 / Duo 30 mins / Self-Directed Portrait,2024-04-27T00:00:00.000000+00:00,2:00 PM to 3:00 PM,done,pending,1148,0,Additional 10 mins,yes
"{""$oid"": ""100810bffc8d4a0ebae10bfb""}",671d08bb309149f8b600ca41,899 / Group 20 mins / Self-Directed Portrait,2023-09-13T00:00:00.000000+00:00,1:00 PM to 2:00 PM,done,pending,1148,0,Additional Pet,yes
"{""$oid"": ""48ad380664284a74b0b13a0b""}",671d08bb309149f8b600caa3,549 / Duo 15 mins / Self-Directed Portrait,2024-04-02T00:00:00.000000+00:00,3:00 PM to 4:00 PM,done,pending,798,0,Additional Person,yes
"{""$oid"": ""9b9f46ff794a4137bfe2784d""}",671d08bb309149f8b600ca4f,899 / Solo 20 mins / Shoot with Professional,2024-05-19T00:00:00.000000+00:00,11:00 AM to 12:00 AM,done,pending,1398,0,Additional 15 mins,yes
"{""$oid"": ""1860d92c0e6b47fd96cb36f3""}",671d08bb309149f8b600ca3f,1999 / Group 30 mins / Shoot with Professional,2024-03-22T00:00:00.000000+00:00,11:00 AM to 12:00 AM,done,pending,2498,0,Additional 15 mins,yes
"{""$oid"": ""a639b03301044996a5ec3bbb""}",671d08bb309149f8b600ca61,899 / Duo 30 mins / Self-Directed Portrait,2024-07-03T00:00:00.000000+00:00,2:00 PM to 3:00 PM,done,pending,1148,0,Take all enhanced photos,yes
"{""$oid"": ""63f77f5da9b84b4bb2b950af""}",671d08bb309149f8b600ca75,1099 / Duo 20 mins / Shoot with Professional,2024-08-11T00:00:00.000000+00:00,5:00 PM to 6:00 PM,done,pending,1348,0,Take all enhanced photos,yes
"{""$oid"": ""fc210cba34504ba199521930""}",671d08bb309149f8b600ca2e,1899 / Duo 40 mins / Shoot with Professional,2023-08-02T00:00:00.000000+00:00,0:00 PM to 1:00 PM,done,pending,2398,0,Additional 15 mins,yes
"{""$oid"": ""488a42eaf639456f832470d5""}",671d08bb309149f8b600ca35,3999 / Specials 120 mins / Shoot with Professional,2023-12-24T00:00:00.000000+00:00,11:00 AM to 12:00 AM,done,pending,4248,0,Take all enhanced photos,yes
"{""$oid"": ""034041e592134768b2f82d82""}",671d08bb309149f8b600ca76,549 / Solo 30 mins / Self-Directed Portrait,2023-10-31T00:00:00.000000+00:00,10:00 AM to 11:00 AM,done,pending,798,0,Additional Person,yes
"{""$oid"": ""52c213611f2c48eb8bed3234""}",671d08bb309149f8b600ca92,1099 / Duo 20 mins / Shoot with Professional,2024-07-04T00:00:00.000000+00:00,9:00 AM to 10:00 AM,done,pending,1348,0,Additional Pet,yes
"{""$oid"": ""d5296220d3ce49cda41da0ac""}",671d08bb309149f8b600ca63,549 / Duo 15 mins / Self-Directed Portrait,2022-08-02T00:00:00.000000+00:00,11:00 AM to 12:00 AM,done,pending,798,0,Additional 10 mins,yes
"{""$oid"": ""dc805b50bc804b65826b29c5""}",671d08bb309149f8b600cab4,1099 / Duo 20 mins / Shoot with Professional,2024-09-03T00:00:00.000000+00:00,0:00 PM to 1:00 PM,done,pending,1348,0,Additional Person,yes
"{""$oid"": ""5f21a7402fc34a2390d23aed""}",671d08bb309149f8b600cac7,1999 / Group 30 mins / Shoot with Professional,2024-01-12T00:00:00.000000+00:00,10:00 AM to 11:00 AM,done,pending,2248,0,Additional Person,yes
"{""$oid"": ""a08f6a1a0ab645b5abd9ed50""}",671d08bb309149f8b600caa3,899 / Duo 30 mins / Self-Directed Portrait,2023-04-30T00:00:00.000000+00:00,2:00 PM to 3:00 PM,done,pending,899,0,,yes
"{""$oid"": ""29fe149b72a44f5e800604cd""}",671d08bb309149f8b600ca17,1099 / Duo 20 mins / Shoot with Professional,2024-06-06T00:00:00.000000+00:00,5:00 PM to 6:00 PM,done,pending,1598,0,Additional 15 mins,yes
"{""$oid"": ""9c058e9d60df4f2e8c375e52""}",671d08bb309149f8b600ca85,2899 / Group 60 mins / Shoot with Professional,2024-08-14T00:00:00.000000+00:00,8:00 AM to 9:00 AM,done,pending,3148,0,Take all enhanced photos,yes
"{""$oid"": ""4e3769da69d3410f92305e51""}",671d08bb309149f8b600ca1d,1599 / Solo 40 mins / Shoot with Professional,2023-09-16T00:00:00.000000+00:00,0:00 PM to 1:00 PM,done,pending,1848,0,Additional 10 mins,yes
"{""$oid"": ""df6499abde0049e58a1d3a1e""}",671208f0f663eac5d4929818,1999 / Group 30 mins / Shoot with Professional,2023-04-01T00:00:00.000000+00:00,4:00 PM to 5:00 PM,done,pending,2498,0,Additional 15 mins,yes
"{""$oid"": ""faaf8a2ead8145e0b0c1c7bf""}",671d08bb309149f8b600ca68,2999 / Specials 100 mins / Self-Directed Portrait,2023-01-29T00:00:00.000000+00:00,10:00 AM to 11:00 AM,done,pending,2999,0,,yes
"{""$oid"": ""1a7476821945413381188eb9""}",671d08bb309149f8b600ca0d,1099 / Duo 20 mins / Shoot with Professional,2024-04-21T00:00:00.000000+00:00,5:00 PM to 6:00 PM,done,pending,1598,0,Additional 15 mins,yes
"{""$oid"": ""36f82d6a610c43e3ad2ba4e2""}",671d08bb309149f8b600ca7b,299 / Solo 15 mins / Self-Directed Portrait,2024-03-07T00:00:00.000000+00:00,3:00 PM to 4:00 PM,done,pending,548,0,Additional 10 mins,yes
"{""$oid"": ""95ebc991897e4821981e26bc""}",671d08bb309149f8b600cabf,899 / Solo 20 mins / Shoot with Professional,2024-07-01T00:00:00.000000+00:00,1:00 PM to 2:00 PM,done,pending,899,0,,yes
"{""$oid"": ""9ab1c0d358144fc88e1dced3""}",671d08bb309149f8b600ca3d,3999 / Specials 120 mins / Shoot with Professional,2024-07-06T00:00:00.000000+00:00,9:00 AM to 10:00 AM,done,pending,4248,0,Additional Pet,yes
"{""$oid"": ""9e979f5f21bf4c5ca5a50ddb""}",671d08bb309149f8b600ca38,1599 / Solo 40 mins / Shoot with Professional,2022-01-13T00:00:00.000000+00:00,5:00 PM to 6:00 PM,done,pending,1599,0,,yes
"{""$oid"": ""5d38da8aa2944b99b1c75157""}",671d08bb309149f8b600ca60,299 / Solo 15 mins / Self-Directed Portrait,2023-08-25T00:00:00.000000+00:00,5:00 PM to 6:00 PM,done,pending,299,0,,yes
"{""$oid"": ""1b556304272d47fdb567cb3c""}",671d08bb309149f8b600ca77,1999 / Group 30 mins / Shoot with Professional,2023-12-12T00:00:00.000000+00:00,0:00 PM to 1:00 PM,done,pending,2248,0,Additional Person,yes
"{""$oid"": ""12b757c6c96f407c80594384""}",671d08bb309149f8b600ca82,899 / Solo 20 mins / Shoot with Professional,2022-06-25T00:00:00.000000+00:00,5:00 PM to 6:00 PM,done,pending,1398,0,Additional 15 mins,yes
"{""$oid"": ""fd3ae4a8efa24928afb1b261""}",671d08bb309149f8b600ca37,2999 / Specials 100 mins / Self-Directed Portrait,2024-01-19T00:00:00.000000+00:00,0:00 PM to 1:00 PM,done,pending,3248,0,Additional 10 mins,yes
"{""$oid"": ""cc74c1401516432f98c8ed39""}",671d08bb309149f8b600cacb,1899 / Duo 40 mins / Shoot with Professional,2022-05-15T00:00:00.000000+00:00,11:00 AM to 12:00 AM,done,pending,1899,0,,yes
"{""$oid"": ""97571f7a734240ada1fced55""}",671d08bb309149f8b600ca5b,299 / Solo 15 mins / Self-Directed Portrait,2022-09-24T00:00:00.000000+00:00,11:00 AM to 12:00 AM,done,pending,299,0,,yes
"{""$oid"": ""29202dc696104d98b8fdfe9d""}",671d08bb309149f8b600cacb,899 / Duo 30 mins / Self-Directed Portrait,2022-10-29T00:00:00.000000+00:00,8:00 AM to 9:00 AM,done,pending,1398,0,Additional 15 mins,yes
"{""$oid"": ""e041b172f0b04c9c8bd55ccc""}",671d08bb309149f8b600ca43,899 / Duo 30 mins / Self-Directed Portrait,2024-07-05T00:00:00.000000+00:00,9:00 AM to 10:00 AM,done,pending,899,0,,yes
"{""$oid"": ""c0463b5e4fcf4ef5a1c5e53c""}",671d08bb309149f8b600ca6d,299 / Solo 15 mins / Self-Directed Portrait,2024-09-01T00:00:00.000000+00:00,9:00 AM to 10:00 AM,done,pending,548,0,Additional 10 mins,yes
"{""$oid"": ""ac72303d437745fd9f5e29e5""}",671d08bb309149f8b600ca21,549 / Solo 30 mins / Self-Directed Portrait,2023-09-20T00:00:00.000000+00:00,1:00 PM to 2:00 PM,done,pending,549,0,,yes
"{""$oid"": ""801e686daf8b4c45a04a9406""}",671d08bb309149f8b600ca7f,899 / Duo 30 mins / Self-Directed Portrait,2023-06-07T00:00:00.000000+00:00,0:00 PM to 1:00 PM,done,pending,1148,0,Additional Pet,yes
"{""$oid"": ""2c2e2a5a30bd47b38afd5dbf""}",671d08bb309149f8b600caa9,1899 / Duo 40 mins / Shoot with Professional,2024-05-03T00:00:00.000000+00:00,1:00 PM to 2:00 PM,done,pending,1899,0,,yes
"{""$oid"": ""db7abaf21ef042d8a9a11b87""}",671208f0f663eac5d4929818,1999 / Group 30 mins / Shoot with Professional,2024-05-19T00:00:00.000000+00:00,0:00 PM to 1:00 PM,done,pending,2248,0,Additional Pet,yes
"{""$oid"": ""af782d542ee9473b8d335ebc""}",671d08bb309149f8b600ca1a,3999 / Specials 120 mins / Shoot with Professional,2022-01-01T00:00:00.000000+00:00,3:00 PM to 4:00 PM,done,pending,4248,0,Additional Person,yes
"{""$oid"": ""94d099261a62481991cc8b7d""}",671d08bb309149f8b600ca45,3999 / Specials 120 mins / Shoot with Professional,2024-09-19T00:00:00.000000+00:00,0:00 PM to 1:00 PM,done,pending,4248,0,Additional Pet,yes
"{""$oid"": ""aa77077b10c84738ae88355d""}",671d08bb309149f8b600ca70,549 / Duo 15 mins / Self-Directed Portrait,2022-01-27T00:00:00.000000+00:00,9:00 AM to 10:00 AM,done,pending,798,0,Additional Person,yes
"{""$oid"": ""18e280824cd846c18f47e428""}",671d08bb309149f8b600cacb,549 / Duo 15 mins / Self-Directed Portrait,2024-05-14T00:00:00.000000+00:00,3:00 PM to 4:00 PM,done,pending,798,0,Additional Person,yes
"{""$oid"": ""2f4c8b4f916f4a17b4feacb4""}",671d08bb309149f8b600ca89,1899 / Duo 40 mins / Shoot with Professional,2024-04-27T00:00:00.000000+00:00,4:00 PM to 5:00 PM,done,pending,2398,0,Additional 15 mins,yes
"{""$oid"": ""ad51049dea0041c48d007643""}",671d08bb309149f8b600ca1f,1899 / Duo 40 mins / Shoot with Professional,2022-02-15T00:00:00.000000+00:00,10:00 AM to 11:00 AM,done,pending,1899,0,,yes
"{""$oid"": ""8a6c27b9f77d40c890c284cb""}",671d08bb309149f8b600ca2f,899 / Duo 30 mins / Self-Directed Portrait,2023-09-16T00:00:00.000000+00:00,0:00 PM to 1:00 PM,done,pending,899,0,,yes
"{""$oid"": ""ac6e69b2741a4b488b3f2f14""}",671d08bb309149f8b600ca31,899 / Duo 30 mins / Self-Directed Portrait,2023-06-17T00:00:00.000000+00:00,4:00 PM to 5:00 PM,done,pending,1148,0,Take all enhanced photos,yes
"{""$oid"": ""8c112fe8a3f64771b7293308""}",671d08bb309149f8b600caa2,899 / Duo 30 mins / Self-Directed Portrait,2023-06-11T00:00:00.000000+00:00,5:00 PM to 6:00 PM,done,pending,1148,0,Additional 10 mins,yes
"{""$oid"": ""776d0402f0e5476d9cc957b6""}",671d08bb309149f8b600ca15,2999 / Specials 100 mins / Self-Directed Portrait,2023-08-29T00:00:00.000000+00:00,11:00 AM to 12:00 AM,done,pending,2999,0,,yes
"{""$oid"": ""e3706a412d9f4f9b8b48ee6d""}",671d08bb309149f8b600cac5,2899 / Group 60 mins / Shoot with Professional,2022-10-01T00:00:00.000000+00:00,8:00 AM to 9:00 AM,done,pending,3148,0,Take all enhanced photos,yes
"{""$oid"": ""60497b78e2d745e1b2cca8cc""}",671d08bb309149f8b600ca15,299 / Solo 15 mins / Self-Directed Portrait,2023-08-23T00:00:00.000000+00:00,11:00 AM to 12:00 AM,done,pending,548,0,Take all enhanced photos,yes
"{""$oid"": ""b4da83fbb21c47698211b401""}",671d08bb309149f8b600ca25,2899 / Group 60 mins / Shoot with Professional,2023-03-03T00:00:00.000000+00:00,8:00 AM to 9:00 AM,done,pending,3148,0,Additional Person,yes
"{""$oid"": ""b7231fc98e524dd49f5e73e2""}",671d08bb309149f8b600ca6c,899 / Solo 20 mins / Shoot with Professional,2024-07-31T00:00:00.000000+00:00,1:00 PM to 2:00 PM,done,pending,1148,0,Take all enhanced photos,yes
"{""$oid"": ""1241fa583bdb47fb917f56e1""}",671d08bb309149f8b600ca73,2899 / Group 60 mins / Shoot with Professional,2023-09-10T00:00:00.000000+00:00,8:00 AM to 9:00 AM,done,pending,3398,0,Additional 15 mins,yes
"{""$oid"": ""93a210ac4bb74ab5af358558""}",671d08bb309149f8b600cab3,1499 / Group 40 mins / Self-Directed Portrait,2023-09-07T00:00:00.000000+00:00,4:00 PM to 5:00 PM,done,pending,1998,0,Additional 15 mins,yes
"{""$oid"": ""67dd8f961e2f427592ee0716""}",671d08bb309149f8b600caa9,299 / Solo 15 mins / Self-Directed Portrait,2024-05-18T00:00:00.000000+00:00,0:00 PM to 1:00 PM,done,pending,548,0,Take all enhanced photos,yes
"{""$oid"": ""e7d116b8801e4f818a265eea""}",671d08bb309149f8b600ca3f,1899 / Duo 40 mins / Shoot with Professional,2024-03-27T00:00:00.000000+00:00,10:00 AM to 11:00 AM,done,pending,2398,0,Additional 15 mins,yes
"{""$oid"": ""7321b8a4099e442a8fff2068""}",671d08bb309149f8b600caca,2999 / Specials 100 mins / Self-Directed Portrait,2023-04-16T00:00:00.000000+00:00,11:00 AM to 12:00 AM,done,pending,3248,0,Additional Pet,yes
"{""$oid"": ""abb72eb589024b93bc9cd270""}",671d08bb309149f8b600ca12,2899 / Group 60 mins / Shoot with Professional,2024-03-27T00:00:00.000000+00:00,11:00 AM to 12:00 AM,done,pending,3398,0,Additional 15 mins,yes
"{""$oid"": ""fdc87f2ccb5841fb80f5e93e""}",671d08bb309149f8b600ca07,3999 / Specials 120 mins / Shoot with Professional,2023-04-25T00:00:00.000000+00:00,0:00 PM to 1:00 PM,done,pending,4248,0,Additional Person,yes
"{""$oid"": ""3ca9cfbafb034a81a7519810""}",671d08bb309149f8b600ca6e,899 / Duo 30 mins / Self-Directed Portrait,2024-07-13T00:00:00.000000+00:00,10:00 AM to 11:00 AM,done,pending,1148,0,Additional Pet,yes
"{""$oid"": ""0b078843cc2d44d3bfe9c6bc""}",671d08bb309149f8b600ca2a,1499 / Group 40 mins / Self-Directed Portrait,2024-07-21T00:00:00.000000+00:00,9:00 AM to 10:00 AM,done,pending,1748,0,Additional Pet,yes
"{""$oid"": ""363f9b2cd13e497cab072c09""}",671d08bb309149f8b600ca5e,549 / Duo 15 mins / Self-Directed Portrait,2022-02-12T00:00:00.000000+00:00,8:00 AM to 9:00 AM,done,pending,798,0,Take all enhanced photos,yes
"{""$oid"": ""e43319ca25d0409ea9400f15""}",671d08bb309149f8b600ca5c,3999 / Specials 120 mins / Shoot with Professional,2022-05-30T00:00:00.000000+00:00,8:00 AM to 9:00 AM,done,pending,3999,0,,yes
"{""$oid"": ""758e22c3a7e0453f814e2104""}",671d08bb309149f8b600ca81,2899 / Group 60 mins / Shoot with Professional,2023-03-10T00:00:00.000000+00:00,10:00 AM to 11:00 AM,done,pending,3148,0,Additional 10 mins,yes
"{""$oid"": ""145da3735bac4bf6bb7e53df""}",671d08bb309149f8b600ca44,899 / Duo 30 mins / Self-Directed Portrait,2024-01-31T00:00:00.000000+00:00,5:00 PM to 6:00 PM,done,pending,1148,0,Additional 10 mins,yes
"{""$oid"": ""77a178723f6b45d597bc5768""}",671d08bb309149f8b600ca2e,899 / Duo 30 mins / Self-Directed Portrait,2022-11-17T00:00:00.000000+00:00,5:00 PM to 6:00 PM,done,pending,899,0,,yes
"{""$oid"": ""d9c6585c0ecb450889199bc9""}",671d08bb309149f8b600ca21,1999 / Group 30 mins / Shoot with Professional,2023-03-10T00:00:00.000000+00:00,5:00 PM to 6:00 PM,done,pending,1999,0,,yes
"{""$oid"": ""98671b0e117f4d0aa17ec02b""}",671d08bb309149f8b600ca84,549 / Solo 30 mins / Self-Directed Portrait,2024-09-28T00:00:00.000000+00:00,4:00 PM to 5:00 PM,done,pending,1048,0,Additional 15 mins,yes
"{""$oid"": ""6bd4b2683a414e108b36e03b""}",671d08bb309149f8b600ca0f,1999 / Group 30 mins / Shoot with Professional,2023-11-05T00:00:00.000000+00:00,1:00 PM to 2:00 PM,done,pending,2248,0,Additional 10 mins,yes
"{""$oid"": ""f5b627567b2a474793b84777""}",671d08bb309149f8b600ca38,1999 / Group 30 mins / Shoot with Professional,2022-11-11T00:00:00.000000+00:00,2:00 PM to 3:00 PM,done,pending,1999,0,,yes
"{""$oid"": ""e5d83a5d8d2a457f9de38818""}",671d08bb309149f8b600caa5,549 / Duo 15 mins / Self-Directed Portrait,2022-03-30T00:00:00.000000+00:00,11:00 AM to 12:00 AM,done,pending,1048,0,Additional 15 mins,yes
"{""$oid"": ""6938d3f852e94d769f19e685""}",671d08bb309149f8b600cacd,1099 / Duo 20 mins / Shoot with Professional,2024-08-01T00:00:00.000000+00:00,9:00 AM to 10:00 AM,done,pending,1348,0,Take all enhanced photos,yes
"{""$oid"": ""36f62c0a349f421b88588f9a""}",671d08bb309149f8b600ca73,3999 / Specials 120 mins / Shoot with Professional,2022-12-28T00:00:00.000000+00:00,9:00 AM to 10:00 AM,done,pending,4498,0,Additional 15 mins,yes
"{""$oid"": ""bbd718c204b347fe9e7dff35""}",671d08bb309149f8b600ca21,1499 / Group 40 mins / Self-Directed Portrait,2022-11-01T00:00:00.000000+00:00,3:00 PM to 4:00 PM,done,pending,1748,0,Additional 10 mins,yes
"{""$oid"": ""ada43924d47c432bb66f981d""}",671d08bb309149f8b600ca93,3999 / Specials 120 mins / Shoot with Professional,2024-03-29T00:00:00.000000+00:00,8:00 AM to 9:00 AM,done,pending,4248,0,Additional Pet,yes
"{""$oid"": ""9e45df73a18f4a6b8c2fae5a""}",671d08bb309149f8b600ca2b,1899 / Duo 40 mins / Shoot with Professional,2022-11-10T00:00:00.000000+00:00,5:00 PM to 6:00 PM,done,pending,2148,0,Additional Pet,yes
"{""$oid"": ""768265415a62449fa67c4f86""}",671d08bb309149f8b600ca8e,899 / Group 20 mins / Self-Directed Portrait,2022-02-10T00:00:00.000000+00:00,2:00 PM to 3:00 PM,done,pending,1148,0,Additional Person,yes
"{""$oid"": ""f5eb749ff6794dd8b4a721e8""}",671d08bb309149f8b600ca0b,2899 / Group 60 mins / Shoot with Professional,2024-06-08T00:00:00.000000+00:00,9:00 AM to 10:00 AM,done,pending,3148,0,Additional Pet,yes
"{""$oid"": ""e0bb6419fc8841bd8d3b3b03""}",671d08bb309149f8b600ca74,549 / Duo 15 mins / Self-Directed Portrait,2024-09-13T00:00:00.000000+00:00,3:00 PM to 4:00 PM,done,pending,798,0,Additional 10 mins,yes
"{""$oid"": ""96db04d6cd944e789fe7d9ec""}",671d08bb309149f8b600ca16,899 / Group 20 mins / Self-Directed Portrait,2024-01-09T00:00:00.000000+00:00,3:00 PM to 4:00 PM,done,pending,1148,0,Take all enhanced photos,yes
"{""$oid"": ""3b761ec347e74a3a9afd9244""}",671d08bb309149f8b600ca3b,2999 / Specials 100 mins / Self-Directed Portrait,2022-07-14T00:00:00.000000+00:00,0:00 PM to 1:00 PM,done,pending,2999,0,,yes
"{""$oid"": ""80f4f482a5f340dd8c903ebd""}",671d08bb309149f8b600ca51,1099 / Duo 20 mins / Shoot with Professional,2024-09-10T00:00:00.000000+00:00,0:00 PM to 1:00 PM,done,pending,1348,0,Take all enhanced photos,yes
"{""$oid"": ""52677e919bd04d3487cb1347""}",671d08bb309149f8b600ca8d,549 / Duo 15 mins / Self-Directed Portrait,2023-12-05T00:00:00.000000+00:00,1:00 PM to 2:00 PM,done,pending,798,0,Take all enhanced photos,yes
"{""$oid"": ""f97338c182a4496c9d61857c""}",671d08bb309149f8b600cab4,1899 / Duo 40 mins / Shoot with Professional,2023-04-06T00:00:00.000000+00:00,2:00 PM to 3:00 PM,done,pending,2148,0,Additional Pet,yes
"{""$oid"": ""30664a058a554dfc978637ee""}",671d08bb309149f8b600ca8c,1099 / Duo 20 mins / Shoot with Professional,2023-07-06T00:00:00.000000+00:00,2:00 PM to 3:00 PM,done,pending,1348,0,Additional Person,yes
"{""$oid"": ""a87713aaa9974c8e9fd847a6""}",671d08bb309149f8b600ca5b,899 / Duo 30 mins / Self-Directed Portrait,2022-01-15T00:00:00.000000+00:00,8:00 AM to 9:00 AM,done,pending,1148,0,Additional Person,yes
"{""$oid"": ""8787aea59f8f4d178493e1b1""}",671d08bb309149f8b600cacc,1099 / Duo 20 mins / Shoot with Professional,2023-12-06T00:00:00.000000+00:00,3:00 PM to 4:00 PM,done,pending,1598,0,Additional 15 mins,yes
"{""$oid"": ""f359136a2d474ecbb01c28f8""}",671d08bb309149f8b600ca6a,1599 / Solo 40 mins / Shoot with Professional,2022-05-26T00:00:00.000000+00:00,2:00 PM to 3:00 PM,done,pending,1599,0,,yes
"{""$oid"": ""facf20e1404747ad952b507c""}",671d08bb309149f8b600ca4e,899 / Group 20 mins / Self-Directed Portrait,2022-01-24T00:00:00.000000+00:00,8:00 AM to 9:00 AM,done,pending,1398,0,Additional 15 mins,yes
"{""$oid"": ""a3c31407e374415a98c5d036""}",671d08bb309149f8b600ca95,899 / Group 20 mins / Self-Directed Portrait,2022-12-01T00:00:00.000000+00:00,4:00 PM to 5:00 PM,done,pending,1148,0,Additional Pet,yes
"{""$oid"": ""4f285d77444148fcaf2f32f9""}",671d08bb309149f8b600ca9c,1999 / Group 30 mins / Shoot with Professional,2022-12-03T00:00:00.000000+00:00,0:00 PM to 1:00 PM,done,pending,2248,0,Take all enhanced photos,yes
"{""$oid"": ""2ed3e37710e14f16af69a51f""}",671d08bb309149f8b600ca4e,899 / Solo 20 mins / Shoot with Professional,2023-04-23T00:00:00.000000+00:00,11:00 AM to 12:00 AM,done,pending,1148,0,Additional Pet,yes
"{""$oid"": ""3f15557b33734d209e299b3e""}",671d08bb309149f8b600cacb,299 / Solo 15 mins / Self-Directed Portrait,2024-03-19T00:00:00.000000+00:00,0:00 PM to 1:00 PM,done,pending,548,0,Additional Pet,yes
"{""$oid"": ""19ecf721ab0b447397d405bb""}",671d08bb309149f8b600ca27,2899 / Group 60 mins / Shoot with Professional,2023-03-17T00:00:00.000000+00:00,5:00 PM to 6:00 PM,done,pending,2899,0,,yes
"{""$oid"": ""e90f88bc9de646d39a23a2c6""}",671d08bb309149f8b600cab8,549 / Solo 30 mins / Self-Directed Portrait,2023-01-17T00:00:00.000000+00:00,8:00 AM to 9:00 AM,done,pending,1048,0,Additional 15 mins,yes
"{""$oid"": ""88eed2ef378248c9bddfcd29""}",671d08bb309149f8b600ca92,549 / Duo 15 mins / Self-Directed Portrait,2023-05-28T00:00:00.000000+00:00,3:00 PM to 4:00 PM,done,pending,798,0,Additional Person,yes
"{""$oid"": ""b9ac6391832541c3b29d76f2""}",671d08bb309149f8b600ca1f,899 / Group 20 mins / Self-Directed Portrait,2024-02-14T00:00:00.000000+00:00,10:00 AM to 11:00 AM,done,pending,1398,0,Additional 15 mins,yes
"{""$oid"": ""f512c588fa39476e807a8348""}",671d08bb309149f8b600ca6d,899 / Group 20 mins / Self-Directed Portrait,2023-02-25T00:00:00.000000+00:00,2:00 PM to 3:00 PM,done,pending,1148,0,Take all enhanced photos,yes
"{""$oid"": ""d635c9fbe5504280994cb4e9""}",671d08bb309149f8b600cabb,549 / Solo 30 mins / Self-Directed Portrait,2023-05-27T00:00:00.000000+00:00,8:00 AM to 9:00 AM,done,pending,798,0,Additional Pet,yes
"{""$oid"": ""a99eec5ff3dc441e86092287""}",671d08bb309149f8b600ca60,2899 / Group 60 mins / Shoot with Professional,2023-12-27T00:00:00.000000+00:00,8:00 AM to 9:00 AM,done,pending,3148,0,Additional Person,yes
"{""$oid"": ""ed47bef0237d44bbbd54dc96""}",671d08bb309149f8b600cabf,1899 / Duo 40 mins / Shoot with Professional,2022-04-20T00:00:00.000000+00:00,11:00 AM to 12:00 AM,done,pending,2148,0,Additional Pet,yes
"{""$oid"": ""a41b2062e03a4d04ad2f7291""}",671d08bb309149f8b600cab5,1599 / Solo 40 mins / Shoot with Professional,2023-08-07T00:00:00.000000+00:00,10:00 AM to 11:00 AM,done,pending,1848,0,Additional Pet,yes
"{""$oid"": ""e1c17db2a0914ffeae0d7416""}",671d08bb309149f8b600ca79,899 / Duo 30 mins / Self-Directed Portrait,2022-09-09T00:00:00.000000+00:00,0:00 PM to 1:00 PM,done,pending,1148,0,Take all enhanced photos,yes
"{""$oid"": ""30fb320831ff4682966c0a18""}",671d08bb309149f8b600ca95,549 / Solo 30 mins / Self-Directed Portrait,2024-08-02T00:00:00.000000+00:00,2:00 PM to 3:00 PM,done,pending,798,0,Additional Pet,yes
"{""$oid"": ""932e721a6f204c3a9e72c322""}",671d08bb309149f8b600cab4,2999 / Specials 100 mins / Self-Directed Portrait,2024-04-13T00:00:00.000000+00:00,4:00 PM to 5:00 PM,done,pending,3248,0,Take all enhanced photos,yes
"{""$oid"": ""e7fb40cc54744b88895358cc""}",671d08bb309149f8b600cac6,1099 / Duo 20 mins / Shoot with Professional,2023-05-03T00:00:00.000000+00:00,11:00 AM to 12:00 AM,done,pending,1348,0,Additional 10 mins,yes
"{""$oid"": ""d215855e38984bcfa027224d""}",671d08bb309149f8b600ca44,2999 / Specials 100 mins / Self-Directed Portrait,2023-12-11T00:00:00.000000+00:00,9:00 AM to 10:00 AM,done,pending,2999,0,,yes
"{""$oid"": ""0404f686e14346b28f2b0044""}",671d08bb309149f8b600cab1,1599 / Solo 40 mins / Shoot with Professional,2024-06-30T00:00:00.000000+00:00,11:00 AM to 12:00 AM,done,pending,1599,0,,yes
"{""$oid"": ""18aaf1a26af84b888a264e93""}",671d08bb309149f8b600cac4,899 / Duo 30 mins / Self-Directed Portrait,2023-04-19T00:00:00.000000+00:00,1:00 PM to 2:00 PM,done,pending,1148,0,Additional Pet,yes
"{""$oid"": ""4ae8b853672e438197f5ce00""}",671d08bb309149f8b600ca78,899 / Solo 20 mins / Shoot with Professional,2024-06-26T00:00:00.000000+00:00,1:00 PM to 2:00 PM,done,pending,1398,0,Additional 15 mins,yes
"{""$oid"": ""2f56b7167b264b7289e0219e""}",671d08bb309149f8b600ca67,549 / Solo 30 mins / Self-Directed Portrait,2024-09-15T00:00:00.000000+00:00,2:00 PM to 3:00 PM,done,pending,798,0,Additional Pet,yes
"{""$oid"": ""823bd554a9254f6da202b68c""}",671d08bb309149f8b600cabc,2899 / Group 60 mins / Shoot with Professional,2022-03-23T00:00:00.000000+00:00,10:00 AM to 11:00 AM,done,pending,3148,0,Additional Person,yes
"{""$oid"": ""6085ce7bc3854cac820354bc""}",671d08bb309149f8b600cab4,1499 / Group 40 mins / Self-Directed Portrait,2022-09-26T00:00:00.000000+00:00,3:00 PM to 4:00 PM,done,pending,1499,0,,yes
"{""$oid"": ""6e8aadc43916409f98136b47""}",671d08bb309149f8b600ca6b,1999 / Group 30 mins / Shoot with Professional,2022-03-20T00:00:00.000000+00:00,2:00 PM to 3:00 PM,done,pending,2248,0,Additional Pet,yes
"{""$oid"": ""1d58b72f7dca4465b626f1d2""}",671d08bb309149f8b600ca80,1099 / Duo 20 mins / Shoot with Professional,2024-03-03T00:00:00.000000+00:00,0:00 PM to 1:00 PM,done,pending,1099,0,,yes
"{""$oid"": ""1d4dd0c22af240f7b5b7a719""}",671d08bb309149f8b600cabd,899 / Solo 20 mins / Shoot with Professional,2024-05-29T00:00:00.000000+00:00,11:00 AM to 12:00 AM,done,pending,1148,0,Take all enhanced photos,yes
"{""$oid"": ""75c48bccfe30434cb680839c""}",671d08bb309149f8b600ca2b,1599 / Solo 40 mins / Shoot with Professional,2022-11-15T00:00:00.000000+00:00,9:00 AM to 10:00 AM,done,pending,1848,0,Additional Person,yes
"{""$oid"": ""5b34b63697f14848b028220f""}",671d08bb309149f8b600caa5,1999 / Group 30 mins / Shoot with Professional,2022-06-03T00:00:00.000000+00:00,5:00 PM to 6:00 PM,done,pending,2248,0,Additional Pet,yes
"{""$oid"": ""14e260e8babd4adea24c0b31""}",671d08bb309149f8b600ca5d,1499 / Group 40 mins / Self-Directed Portrait,2023-10-11T00:00:00.000000+00:00,1:00 PM to 2:00 PM,done,pending,1748,0,Additional Person,yes
"{""$oid"": ""a888872260954a949a2180c8""}",671d08bb309149f8b600ca1a,1499 / Group 40 mins / Self-Directed Portrait,2024-06-09T00:00:00.000000+00:00,5:00 PM to 6:00 PM,done,pending,1499,0,,yes
"{""$oid"": ""1910ed2690ba4e2185611ac6""}",671d08bb309149f8b600ca1e,299 / Solo 15 mins / Self-Directed Portrait,2023-07-27T00:00:00.000000+00:00,8:00 AM to 9:00 AM,done,pending,548,0,Additional Person,yes
"{""$oid"": ""c48c893d60014570920c816c""}",671d08bb309149f8b600cacd,899 / Duo 30 mins / Self-Directed Portrait,2022-11-09T00:00:00.000000+00:00,2:00 PM to 3:00 PM,done,pending,1148,0,Additional Person,yes
"{""$oid"": ""427267626917456e8fae1113""}",671d08bb309149f8b600ca9a,3999 / Specials 120 mins / Shoot with Professional,2023-06-08T00:00:00.000000+00:00,10:00 AM to 11:00 AM,done,pending,4498,0,Additional 15 mins,yes
"{""$oid"": ""c9df2436154e40ec855daaf4""}",671d08bb309149f8b600ca31,899 / Solo 20 mins / Shoot with Professional,2023-03-19T00:00:00.000000+00:00,2:00 PM to 3:00 PM,done,pending,899,0,,yes
"{""$oid"": ""ff745ff8ce57480abdf87494""}",671208f0f663eac5d4929818,899 / Duo 30 mins / Self-Directed Portrait,2022-09-29T00:00:00.000000+00:00,5:00 PM to 6:00 PM,done,pending,1148,0,Take all enhanced photos,yes
"{""$oid"": ""13988c5beb46424e966c217b""}",671d08bb309149f8b600ca16,2999 / Specials 100 mins / Self-Directed Portrait,2023-03-15T00:00:00.000000+00:00,3:00 PM to 4:00 PM,done,pending,2999,0,,yes
"{""$oid"": ""8f4f3f73ec2e4bbb87fecd41""}",671d08bb309149f8b600ca3a,549 / Duo 15 mins / Self-Directed Portrait,2023-07-04T00:00:00.000000+00:00,0:00 PM to 1:00 PM,done,pending,798,0,Take all enhanced photos,yes
"{""$oid"": ""19acfc723cab47a6a0514e2c""}",671d08bb309149f8b600ca2e,2999 / Specials 100 mins / Self-Directed Portrait,2022-11-27T00:00:00.000000+00:00,5:00 PM to 6:00 PM,done,pending,3498,0,Additional 15 mins,yes
"{""$oid"": ""ee3b1fa3dd984d1286f30789""}",671d08bb309149f8b600ca0d,1599 / Solo 40 mins / Shoot with Professional,2023-03-26T00:00:00.000000+00:00,9:00 AM to 10:00 AM,done,pending,1848,0,Additional Person,yes
"{""$oid"": ""d65236ccdc274ab597a1fc35""}",671d08bb309149f8b600ca90,1099 / Duo 20 mins / Shoot with Professional,2023-04-23T00:00:00.000000+00:00,10:00 AM to 11:00 AM,done,pending,1348,0,Additional Person,yes
"{""$oid"": ""da1934fe5cf440879de1c543""}",671d08bb309149f8b600ca3e,3999 / Specials 120 mins / Shoot with Professional,2024-06-29T00:00:00.000000+00:00,0:00 PM to 1:00 PM,done,pending,4248,0,Take all enhanced photos,yes
"{""$oid"": ""284818c95652486aa8db7815""}",671d08bb309149f8b600ca77,899 / Duo 30 mins / Self-Directed Portrait,2022-02-03T00:00:00.000000+00:00,11:00 AM to 12:00 AM,done,pending,1398,0,Additional 15 mins,yes
"{""$oid"": ""bdb317436a9746bb99364fa2""}",671d08bb309149f8b600ca94,299 / Solo 15 mins / Self-Directed Portrait,2022-09-19T00:00:00.000000+00:00,2:00 PM to 3:00 PM,done,pending,548,0,Additional 10 mins,yes
"{""$oid"": ""82b39e3f8d1443cba3d555bb""}",671d08bb309149f8b600ca5f,1599 / Solo 40 mins / Shoot with Professional,2023-01-25T00:00:00.000000+00:00,3:00 PM to 4:00 PM,done,pending,1599,0,,yes
"{""$oid"": ""552e6305670141c4bab02a69""}",671d08bb309149f8b600ca44,549 / Duo 15 mins / Self-Directed Portrait,2022-11-02T00:00:00.000000+00:00,9:00 AM to 10:00 AM,done,pending,549,0,,yes
"{""$oid"": ""e3909d6533f9408ba8fdd7e2""}",671d08bb309149f8b600ca77,2999 / Specials 100 mins / Self-Directed Portrait,2022-12-19T00:00:00.000000+00:00,1:00 PM to 2:00 PM,done,pending,3248,0,Additional Pet,yes
"{""$oid"": ""f36f87e7b6144f82bd7fea89""}",671d08bb309149f8b600ca58,899 / Group 20 mins / Self-Directed Portrait,2024-05-26T00:00:00.000000+00:00,10:00 AM to 11:00 AM,done,pending,1148,0,Additional Pet,yes
"{""$oid"": ""c38c514cd57049f0b9ce0590""}",671d08bb309149f8b600ca70,549 / Solo 30 mins / Self-Directed Portrait,2022-08-08T00:00:00.000000+00:00,0:00 PM to 1:00 PM,done,pending,1048,0,Additional 15 mins,yes
"{""$oid"": ""bd8ebed85220461a97f88aa5""}",671d08bb309149f8b600ca16,1099 / Duo 20 mins / Shoot with Professional,2022-12-30T00:00:00.000000+00:00,9:00 AM to 10:00 AM,done,pending,1099,0,,yes
"{""$oid"": ""03dd9c6ebe0d474291f2f78c""}",671d08bb309149f8b600ca75,1999 / Group 30 mins / Shoot with Professional,2022-10-14T00:00:00.000000+00:00,9:00 AM to 10:00 AM,done,pending,2248,0,Additional Person,yes
"{""$oid"": ""f3e6dcf771294ee3a8a64438""}",671d08bb309149f8b600ca9c,1599 / Solo 40 mins / Shoot with Professional,2023-08-27T00:00:00.000000+00:00,10:00 AM to 11:00 AM,done,pending,2098,0,Additional 15 mins,yes
"{""$oid"": ""eccc294ddb9946beb5fe95df""}",671d08bb309149f8b600ca7b,549 / Solo 30 mins / Self-Directed Portrait,2023-12-25T00:00:00.000000+00:00,3:00 PM to 4:00 PM,done,pending,798,0,Take all enhanced photos,yes
"{""$oid"": ""08df344c69404f5e83f5e1e1""}",671d08bb309149f8b600caac,299 / Solo 15 mins / Self-Directed Portrait,2022-10-27T00:00:00.000000+00:00,0:00 PM to 1:00 PM,done,pending,548,0,Additional Pet,yes
"{""$oid"": ""363f6228fd0e455e9e379ea1""}",671d08bb309149f8b600ca69,899 / Group 20 mins / Self-Directed Portrait,2024-08-05T00:00:00.000000+00:00,10:00 AM to 11:00 AM,done,pending,1148,0,Additional Pet,yes
"{""$oid"": ""e0a9db8306404d48968b3676""}",671d08bb309149f8b600cacb,2999 / Specials 100 mins / Self-Directed Portrait,2024-08-05T00:00:00.000000+00:00,8:00 AM to 9:00 AM,done,pending,3248,0,Additional Person,yes
"{""$oid"": ""19058c2d5f10405492590e9b""}",671d08bb309149f8b600ca0b,3999 / Specials 120 mins / Shoot with Professional,,11:00 AM to 12:00 AM,done,pending,4248,0,Additional Person,yes
"{""$oid"": ""85f55a9e05a940ab9e9f0398""}",671d08bb309149f8b600ca85,899 / Group 20 mins / Self-Directed Portrait,,2:00 PM to 3:00 PM,done,pending,1148,0,Additional Person,yes
"{""$oid"": ""3504ac521c8c43c7af8dbd09""}",671d08bb309149f8b600ca92,549 / Duo 15 mins / Self-Directed Portrait,,9:00 AM to 10:00 AM,done,pending,798,0,Additional 10 mins,yes
