_id,fname,lname,email,password,__v,isVerified
"{""$oid"": ""671208f0f663eac5d4929818""}", Romark , Bayan ,rom@gmail.com,$2b$10$FE6hbsZRCoLIBDcMgOfpp.dQhZfjBrbMpBtHVM7wQKqHhnG06V532,0,
"{""$oid"": ""6719225811abe2e2378e4b88""}",Romark,Bayan,romark7bayan@gmail.com,$2b$10$8WlycJZcL3mu1D7sjju2oOi/EVvQVvl9FZSpY0vecAlueUxoGFLKG,0,True
"{""$oid"": ""671923c81a5fca27175f3072""}",Romark,Bayan,istorya707@gmail.com,$2b$10$ORqY21nkOANz6QK4gdt7W.EnBABQZfu9YX3yq2yB0i3Bflq1hopvy,0,True
"{""$oid"": ""671d08bb309149f8b600ca06""}",Nora,Lopez,nora.lopez0@example.com,$2b$10$PEbQJaia006foL0uQk6nXePyWy7pvOl/EGC1xMSeVr3XOzvRxkL3y,0,False
"{""$oid"": ""671d08bb309149f8b600ca07""}",Ramon,Silang,ramon.silang1@example.com,$2b$10$vKCUQ0/UY.nby7xVwbw02eSSWA3cMibBWfjufYdw/BE1opzdu.zxC,0,False
"{""$oid"": ""671d08bb309149f8b600ca08""}",Liza,Mendoza,liza.mendoza2@example.com,$2b$10$L39copTdRDp0BZdLsR29LeA2XzBer2is.q8nK0FvRiOTsYlazXeyu,0,False
"{""$oid"": ""671d08bb309149f8b600ca09""}",Gina,Aquino,gina.aquino3@example.com,$2b$10$8GEvkwg1FpczjkNyHRdit.wTsuWmikwv9C.bFEUnNbz5XUxkMEHyi,0,False
"{""$oid"": ""671d08bb309149f8b600ca0a""}",Ninoy,Deleon,ninoy.deleon4@example.com,$2b$10$pSXZ3KRyKG06o2107TY3neXjd9o9Z6TkaKhIt/GQuqSSF0pjY8.22,0,False
"{""$oid"": ""671d08bb309149f8b600ca0b""}",Piolo,Mendoza,piolo.mendoza5@example.com,$2b$10$Zn19y3j0O38/gx3xjUvltumaMV5B2.SBnaCGXMUASzHeebSxXMcoe,0,False
"{""$oid"": ""671d08bb309149f8b600ca0c""}",Nora,Castillo,nora.castillo6@example.com,$2b$10$PltSVOrdTHX0STRYbA.i3OEesw2nBtBl3i3iV1.fHqUI.cpClAEg.,0,False
"{""$oid"": ""671d08bb309149f8b600ca0d""}",Diego,Mercado,diego.mercado7@example.com,$2b$10$FD3O.m6lIhFX0vjid7vtf.05EVA3onCYnSPNUn3Wo1GswS6Z7sCXi,0,False
"{""$oid"": ""671d08bb309149f8b600ca0e""}",Marian,Luna,marian.luna8@example.com,$2b$10$Bscpc5tZG6nkz3ge30vb4O9Fk1WdzIdw3ZLtm7YYqR8kwGCCj8oQW,0,False
"{""$oid"": ""671d08bb309149f8b600ca0f""}",Corazon,Fernandez,corazon.fernandez9@example.com,$2b$10$3CR8vMIT9iTDfoKfG4Q9L.E0Lt.KVEBkD8rhPMKzp3bBW.CcOgRzW,0,False
"{""$oid"": ""671d08bb309149f8b600ca10""}",Corazon,Morales,corazon.morales10@example.com,$2b$10$BJJ3N5Da6sDs.d6p2o.sQO8QDyauhtqFUw28JqUMEfIymsVPN6YGe,0,False
"{""$oid"": ""671d08bb309149f8b600ca11""}",Marian,Gomez,marian.gomez11@example.com,$2b$10$CtCtFZHeuE6DSnewumS1k.3rWYY08mZ0.2aB1FnHnxrYrUr2wJXMq,0,False
"{""$oid"": ""671d08bb309149f8b600ca12""}",Angel,Ortiz,angel.ortiz12@example.com,$2b$10$g5.0hJ1dL8EeAGfIUUFdn.yLcnxgJLN/cttElbEIIkLlnIBnTVuGu,0,False
"{""$oid"": ""671d08bb309149f8b600ca13""}",Robin,Cruz,robin.cruz13@example.com,$2b$10$t0Lhva9WZc2N54FjOIMB/.ZpePHynifPIIIpZz5TKaL5XDoicKpMC,0,False
"{""$oid"": ""671d08bb309149f8b600ca14""}",Lani,Luna,lani.luna14@example.com,$2b$10$QT4Sbofs4PinFCcdljyZ1.vkmZJGUVug50lKWQzj0pdYqu1ZJYhMS,0,False
"{""$oid"": ""671d08bb309149f8b600ca15""}",Kris,Santos,kris.santos15@example.com,$2b$10$drbZVwhoNHx77dHHfB2VZ.FFJeQJ.YT6vInQLEuiZyd3dKnTvFRNy,0,False
"{""$oid"": ""671d08bb309149f8b600ca16""}",Robin,Diaz,robin.diaz16@example.com,$2b$10$hWPYuUwbngrX4.M19Okie.fSAt/sQ/XBRuPygRnRjYQ6vgEl.Jq9W,0,False
"{""$oid"": ""671d08bb309149f8b600ca17""}",Enrique,Castillo,enrique.castillo17@example.com,$2b$10$t3YM7garwG3bxQtS/X9nQebVwFFhJKfi6D02ZNJurCdEj2Q9ogYjC,0,False
"{""$oid"": ""671d08bb309149f8b600ca18""}",John,Rodriguez,john.rodriguez18@example.com,$2b$10$K7MhP7GjXKCFM7XAgn.YruDTKZFiRqOZSYnUFVBga/43a5t3c8lcW,0,False
"{""$oid"": ""671d08bb309149f8b600ca19""}",Marian,Deleon,marian.deleon19@example.com,$2b$10$seUrzC30YIYfYOMc4po6iOPm8605.mI5jTmJ03VBhxwy5r0SROvIS,0,False
"{""$oid"": ""671d08bb309149f8b600ca1a""}",Bong,Luna,bong.luna20@example.com,$2b$10$uiN/GxJdX9/fY6XLvv7Si.hWhKzsac8jjmm8uVkA7NcU8/moZke6S,0,False
"{""$oid"": ""671d08bb309149f8b600ca1b""}",Marian,Santos,marian.santos21@example.com,$2b$10$FeQ25zX.TQ1HkRMS6DGe5ujDQ2yh.Q6sideFSRdsFEVppAGHgLxeO,0,False
"{""$oid"": ""671d08bb309149f8b600ca1c""}",Dingdong,Ramos,dingdong.ramos22@example.com,$2b$10$6qhp9t.NkV6usgsiahysJ.W0hvp49bIR11MScKRdU1mjIAgQSoq4W,0,False
"{""$oid"": ""671d08bb309149f8b600ca1d""}",Angelica,Estrada,angelica.estrada23@example.com,$2b$10$IH6/r3PATDdiST11.yXBlOFigOavilFTSroJqH/zjTUfsLxroOZry,0,False
"{""$oid"": ""671d08bb309149f8b600ca1e""}",Richard,Fernandez,richard.fernandez24@example.com,$2b$10$p3eOpUn9E2kyH.BSscKBz.8X0NLNduDdCk.Br3f4uiwTm3Egm.M0i,0,False
"{""$oid"": ""671d08bb309149f8b600ca1f""}",Angel,Estrada,angel.estrada25@example.com,$2b$10$jl7xpmurewmVpK8uMOu6Se.oEJ3U74jQS0H8dhtjwyUl7rRWqUTVG,0,False
"{""$oid"": ""671d08bb309149f8b600ca20""}",Richard,Morales,richard.morales26@example.com,$2b$10$MZgPKbqT/OF3tsl8jUCGqOHJ.g9XzzOKTByuWBcfRhgglVgZmmFcG,0,False
"{""$oid"": ""671d08bb309149f8b600ca21""}",Jackie,Mendoza,jackie.mendoza27@example.com,$2b$10$O43tYMNP5rpiR4.EHGStwOC5v5XxQ6v4eHGJqCoojETuApPJp.dz2,0,False
"{""$oid"": ""671d08bb309149f8b600ca22""}",Angelica,Deleon,angelica.deleon28@example.com,$2b$10$wrWYdVt88HRsS68V.DuR7eS03Y/YOTYhWu.P1WyGuAv8/0Fe9gYu2,0,False
"{""$oid"": ""671d08bb309149f8b600ca23""}",Gina,Castillo,gina.castillo29@example.com,$2b$10$RH2AVnCGiji0XY8KwlT3seV3lJXMHyljm31PSAwRy.DdxTmXYKyPO,0,False
"{""$oid"": ""671d08bb309149f8b600ca24""}",Fernando,Gomez,fernando.gomez30@example.com,$2b$10$KaBQw7sq2EatkGMzxLc.GOkCdqnNTTMjZZ3yuBZmuzsU1otBDix8G,0,False
"{""$oid"": ""671d08bb309149f8b600ca25""}",Piolo,Gomez,piolo.gomez31@example.com,$2b$10$O18eRhahfaRa9i.VBLV2SeLQl1Ark3Z4NisH3hUXBHoUZ6Fj5KicG,0,False
"{""$oid"": ""671d08bb309149f8b600ca26""}",Bong,Rivera,bong.rivera32@example.com,$2b$10$0tCPSMy5G07hvh./SwL06ud1sJjAtsugc98W4cpNMW1YGdcaS8eE2,0,False
"{""$oid"": ""671d08bb309149f8b600ca27""}",Angelica,Navarro,angelica.navarro33@example.com,$2b$10$wCk.MKVuiTJaJRSDNMyMNOh5gGYqQdhsESp856d2m9nO6u5d9W7r6,0,False
"{""$oid"": ""671d08bb309149f8b600ca28""}",Liza,Deleon,liza.deleon34@example.com,$2b$10$sCSeKGyomB5wm6T7H0UyxelS7fXrTFrTgbRSsPv.uONUijmLnUsfC,0,False
"{""$oid"": ""671d08bb309149f8b600ca29""}",Edu,Cruz,edu.cruz35@example.com,$2b$10$h6PEmMfSIBXv/VxRhRFF3udQ2ikVcVYLRcpRDCZ/gWO9BZVxBsI0S,0,False
"{""$oid"": ""671d08bb309149f8b600ca2a""}",Anne,Mercado,anne.mercado36@example.com,$2b$10$B6tWxAR65WJuRReVY60o8OZ/y/kwPvaYwmrBzW2Xv3zYFGVE/zhMS,0,False
"{""$oid"": ""671d08bb309149f8b600ca2b""}",Kris,Navarro,kris.navarro37@example.com,$2b$10$YOVvnNftjUdBkchLubJRZeQgvOzF58hD/WxVDQkymmAP1Hs2dVaAO,0,False
"{""$oid"": ""671d08bb309149f8b600ca2c""}",Ramon,Fernandez,ramon.fernandez38@example.com,$2b$10$UXnBCZuiAmWrv3EpeDaWtOoQU6UNqgpw9sHDcuzHGSyhFZsvlKmK.,0,False
"{""$oid"": ""671d08bb309149f8b600ca2d""}",Sarah,Luna,sarah.luna39@example.com,$2b$10$VUjlACTh9bR6RkhUW191telFdo8k1Nw9EL.uym1OoTN51QJGorHta,0,False
"{""$oid"": ""671d08bb309149f8b600ca2e""}",Angel,Mercado,angel.mercado40@example.com,$2b$10$AHFKpRHW8Tp1zj/1cKl8dOoNx.2PTpTufq0a9NdBNWVoH8sAN8hU6,0,False
"{""$oid"": ""671d08bb309149f8b600ca2f""}",Fernando,Navarro,fernando.navarro41@example.com,$2b$10$wvjfuajLha63ZxVjJNyKi.a3xRvLF0ltf2eIOGx/bZ6CfPXjmIUy6,0,False
"{""$oid"": ""671d08bb309149f8b600ca30""}",Ramon,Aquino,ramon.aquino42@example.com,$2b$10$T5ePpV.Mc2xXDRFwn1HyGOAfoe2YethCPrk0I48sYQFsr9J1Jpa1K,0,False
"{""$oid"": ""671d08bb309149f8b600ca31""}",Sharon,Estrada,sharon.estrada43@example.com,$2b$10$ky/8PG2S5ZIsHVQ2495Vgefb77.6VA3pDWnvcSXHShlGdsbvT699G,0,False
"{""$oid"": ""671d08bb309149f8b600ca32""}",Sharon,Garcia,sharon.garcia44@example.com,$2b$10$jUM.Lkx6g.LR8HVa6WjUKeDvrfPFh6FpL/yQPRqEOtvpqPk7K65QO,0,False
"{""$oid"": ""671d08bb309149f8b600ca33""}",Richard,Flores,richard.flores45@example.com,$2b$10$74rl85X50yBthp62RlR80O9uReUQhggpiLQOEoVNkAlxaXpePrTH2,0,False
"{""$oid"": ""671d08bb309149f8b600ca34""}",Lea,Aquino,lea.aquino46@example.com,$2b$10$WmbgydHvEZXC55raWHLB7uSjQN2Mj1P0F0M9blEVYXzLE9pkfC7jS,0,False
"{""$oid"": ""671d08bb309149f8b600ca35""}",Lani,Magsaysay,lani.magsaysay47@example.com,$2b$10$nkpY0XVmYKDLUvlYZOy4AOPOLV3f2inyJZN.Z7r5J1Q7/w3qG7Cn2,0,False
"{""$oid"": ""671d08bb309149f8b600ca36""}",Kris,Rodriguez,kris.rodriguez48@example.com,$2b$10$FdzeXletYrG8kdXyfETwZuEiID63WY8thQCwfLSJSO6Lc87evz4pq,0,False
"{""$oid"": ""671d08bb309149f8b600ca37""}",Vilma,Flores,vilma.flores49@example.com,$2b$10$sbf5cFnCiEgQ7d/iDY45bO.ERFGCJhIceuWC5itPZ.pvFmAEbXP4G,0,False
"{""$oid"": ""671d08bb309149f8b600ca38""}",John,Alcantara,john.alcantara50@example.com,$2b$10$jXKl/fm7F4vzyek1iuOGBePrL8FF0deSXyP7tLYGAxjsFpR.oNsfa,0,False
"{""$oid"": ""671d08bb309149f8b600ca39""}",Sarah,Aquino,sarah.aquino51@example.com,$2b$10$NLKKVjSFz9uomz/3Okp52ehLOP3luDD9aJxNzCb5YiyulTbB6tVHu,0,False
"{""$oid"": ""671d08bb309149f8b600ca3a""}",Coco,Velasquez,coco.velasquez52@example.com,$2b$10$P6vYSFQAy3JI0HL9mDdI/u2BZDlsVRe7AwwJeq86XY4zGyTi9oArS,0,False
"{""$oid"": ""671d08bb309149f8b600ca3b""}",Sarah,Ramos,sarah.ramos53@example.com,$2b$10$AtSaqJEbegZwd21uwWf3judZCwX6x8SK69OQNSZ6pV.2pUsVGOumm,0,False
"{""$oid"": ""671d08bb309149f8b600ca3c""}",Corazon,Santos,corazon.santos54@example.com,$2b$10$s5tWu1QWjKAbK5RLz755..OaPxAb23uLetT1n2smHbOD.iBcKv5tq,0,False
"{""$oid"": ""671d08bb309149f8b600ca3d""}",Corazon,Diaz,corazon.diaz55@example.com,$2b$10$meDg5S0OtSmHBhr1fhKDOOxw0LEIV28.7HKngR8ps6CWNfcllSQgC,0,False
"{""$oid"": ""671d08bb309149f8b600ca3e""}",Angelica,Ortiz,angelica.ortiz56@example.com,$2b$10$tECfrLH15morJEcmj4mkwuQwzQLw8vfUyimqHcLnYmcFjeWSsx82.,0,False
"{""$oid"": ""671d08bb309149f8b600ca3f""}",Lani,Luna,lani.luna57@example.com,$2b$10$AiaXwhZlM3bbInx0iDyCLuc2NkIeQFsvr4r5CIYmpfJNumEL/03XS,0,False
"{""$oid"": ""671d08bb309149f8b600ca40""}",Robin,Aquino,robin.aquino58@example.com,$2b$10$JLyDXu8Qu0F.Yj/U9Ti1Y.9ERQedVZODh1cDExNhJiEOIJ2tIv7Pe,0,False
"{""$oid"": ""671d08bb309149f8b600ca41""}",Bong,Garcia,bong.garcia59@example.com,$2b$10$Ir/CpH7KiJLF4qHfGus6PeG.OrXqS7AnfIZxdZvDdQStgy9D/zmvS,0,False
"{""$oid"": ""671d08bb309149f8b600ca42""}",Lea,Deleon,lea.deleon60@example.com,$2b$10$IXqKOWOeKG9XdYwed4Eib.qOXpcHs.gXbClv2fLYaHMdtilSY8JDe,0,False
"{""$oid"": ""671d08bb309149f8b600ca43""}",Angelica,Rivera,angelica.rivera61@example.com,$2b$10$nb5JzN8LAZPdAsayt2Jmb.R7DL9puGL6/HC2G8pQElowPRSfKfPXa,0,False
"{""$oid"": ""671d08bb309149f8b600ca44""}",Sarah,Lopez,sarah.lopez62@example.com,$2b$10$aMACW.t7L6f55YCkgpYOTepRFeMOQaQuC49saclQys0H21hrnEEm.,0,False
"{""$oid"": ""671d08bb309149f8b600ca45""}",Kris,Cruz,kris.cruz63@example.com,$2b$10$B7dVuYUtMsS6Fcrwc9wneuWN0Ktprfpp9pAVeecYQQOpPBBc4LdFC,0,False
"{""$oid"": ""671d08bb309149f8b600ca46""}",Angel,Mendoza,angel.mendoza64@example.com,$2b$10$tnCtxnIJZYfl5DmxlFpVLuDRkPC4I2I1e4ZMtzY/frL76o4teKr/S,0,False
"{""$oid"": ""671d08bb309149f8b600ca47""}",Diego,Rodriguez,diego.rodriguez65@example.com,$2b$10$uW.NezNqujXVCh0ndEf/tu9AYtWBbcIMlAnUHv0bLbDYGNTvLAYle,0,False
"{""$oid"": ""671d08bb309149f8b600ca48""}",Jackie,Luna,jackie.luna66@example.com,$2b$10$MNzQ2JvLhZV6h7.1VqgRDuKfdL2W5PYOr1T9tvH4hWwzux9vUYsay,0,False
"{""$oid"": ""671d08bb309149f8b600ca49""}",Edu,Ramos,edu.ramos67@example.com,$2b$10$r20Azz05PhMEmDOv8WL6ceUcdFgWGdgkcB8WFbQPRX7QEYUBMHvbG,0,False
"{""$oid"": ""671d08bb309149f8b600ca4a""}",Dingdong,Mercado,dingdong.mercado68@example.com,$2b$10$oS1t9Vi2yAAJRHJhAdwP.uI.gIRhvE689CU7PI0NAjM3eSmJkWTOS,0,False
"{""$oid"": ""671d08bb309149f8b600ca4b""}",Robin,Navarro,robin.navarro69@example.com,$2b$10$aPBYZVyr2e5wtDcfUkZQH.vokYF9UOVO3A7sggL1xchrV0qX7zmUi,0,False
"{""$oid"": ""671d08bb309149f8b600ca4c""}",Angel,Flores,angel.flores70@example.com,$2b$10$5XRE6pqbHN/PD/4erL8Qv.lj9R2cZsBQeS0FjEQ6nwVA.mCXi284u,0,False
"{""$oid"": ""671d08bb309149f8b600ca4d""}",Ninoy,Gomez,ninoy.gomez71@example.com,$2b$10$8lS8ECxZV4Cc95W/jNEshOUqc2mXYdBPm78Af6uP5wZgIuvubbInq,0,False
"{""$oid"": ""671d08bb309149f8b600ca4e""}",Robin,Torres,robin.torres72@example.com,$2b$10$Gw74l0wkr524dWM1B8pE4uV4JXWoHJc4H3psCJhmFcPzSAurO.Kd2,0,False
"{""$oid"": ""671d08bb309149f8b600ca4f""}",Kris,Reyes,kris.reyes73@example.com,$2b$10$5tJCm6j/aIWZvgAq4AS4yue0lp9gekHHOp0JMZdPkOYOb0rKhAaPS,0,False
"{""$oid"": ""671d08bb309149f8b600ca50""}",Kris,Estrada,kris.estrada74@example.com,$2b$10$3M/kVmSAsxT0dOdiymckrOK0Cv895cDp50aUI0YMNKKks0IquhmAG,0,False
"{""$oid"": ""671d08bb309149f8b600ca51""}",Nora,Gatchalian,nora.gatchalian75@example.com,$2b$10$jpGuc.U5PW9g3L7LxnTBhOSAYQzDi3Ik.OSPlr4e7PfTostllRM0a,0,False
"{""$oid"": ""671d08bb309149f8b600ca52""}",Jackie,Alcantara,jackie.alcantara76@example.com,$2b$10$5za1rOAQH0It1ow1uBw1gOwgbWUi2TDt9YPsmsEiJaBBoiuqn.K9.,0,False
"{""$oid"": ""671d08bb309149f8b600ca53""}",Dingdong,Estrada,dingdong.estrada77@example.com,$2b$10$2JkHX0W4n7GPoSsuO5KcPeJI0rclCG7EQpNVW/kZewwT.73g9hBse,0,False
"{""$oid"": ""671d08bb309149f8b600ca54""}",Sarah,Estrada,sarah.estrada78@example.com,$2b$10$oCXSLdn8hbPMcirh4AMnn.5hT1ty9z7s9uQr7w6I3KI0vDsPm6cjK,0,False
"{""$oid"": ""671d08bb309149f8b600ca55""}",Piolo,Castillo,piolo.castillo79@example.com,$2b$10$n05LOd/EgFnW/6cTO2G1IOX.3JmFSUaYHRgTVC2L4BCKuj97FpA8y,0,False
"{""$oid"": ""671d08bb309149f8b600ca56""}",Corazon,Santos,corazon.santos80@example.com,$2b$10$7ctU.DZaIjWwFdXO9Jwjzewri.n8xQOgAg138q8UKOPwqR522z4CO,0,False
"{""$oid"": ""671d08bb309149f8b600ca57""}",Angel,Fernandez,angel.fernandez81@example.com,$2b$10$4a9/lB2RI0w.Hj2NPAJiVuP0pqx7d2DPcSowct5KQTo6j.CjCUm0O,0,False
"{""$oid"": ""671d08bb309149f8b600ca58""}",John,Mercado,john.mercado82@example.com,$2b$10$HE2CYqtVz1B1sl.vdXp14O62Ip.idsYG72GL8jE0MCM7BEDpq2Ofa,0,False
"{""$oid"": ""671d08bb309149f8b600ca59""}",Fernando,Luna,fernando.luna83@example.com,$2b$10$8DQhuq6YQzs5G2P6b7hQme63bGzO5gUdZfUWgp.ZFJTgI4BzgJ6ju,0,False
"{""$oid"": ""671d08bb309149f8b600ca5a""}",Dingdong,Garcia,dingdong.garcia84@example.com,$2b$10$xgIS1EPa6CCKbGDfj1ZvVeMiAMAGov8c8HytyrGnOrOzSIGyUl4y.,0,False
"{""$oid"": ""671d08bb309149f8b600ca5b""}",Anne,Alcantara,anne.alcantara85@example.com,$2b$10$EQcaAOliTrsLVHexk5nrzuYS5iRjQ/RlwEnmZ2xRsuaqnZw4gk812,0,False
"{""$oid"": ""671d08bb309149f8b600ca5c""}",Kris,Reyes,kris.reyes86@example.com,$2b$10$A9KEJrVoOxZCWOe4W90RUOfGNnctCIaLCIy7kU44J2vyuajYDzV.K,0,False
"{""$oid"": ""671d08bb309149f8b600ca5d""}",Piolo,Diaz,piolo.diaz87@example.com,$2b$10$sXwB1c2u1DSIMvHiXEYYx.TLlN/1a.4W7.dLlxO2KtC4JjsllR8Oq,0,False
"{""$oid"": ""671d08bb309149f8b600ca5e""}",Ninoy,Diaz,ninoy.diaz88@example.com,$2b$10$mTfgCe18n9bCQ908O2zVle46KK.4gbEhTidJH3Jjl.1LyCQMwPYMO,0,False
"{""$oid"": ""671d08bb309149f8b600ca5f""}",Kris,Mercado,kris.mercado89@example.com,$2b$10$WSDuH/KlyL38y42RVpOWpOfy8XYJJAcWQr59ace1rR48h5RmjVbTW,0,False
"{""$oid"": ""671d08bb309149f8b600ca60""}",Lea,Santos,lea.santos90@example.com,$2b$10$kbgw5ZElV5MHFhjxqlVBS.J0rmS7iUtghRV08ejsq6NB85/9EctXm,0,False
"{""$oid"": ""671d08bb309149f8b600ca61""}",Jackie,Mendoza,jackie.mendoza91@example.com,$2b$10$kYqe7RBWoin7SLQ9QeF0w.OJjIdQ8QAOeGUZzJ9pFp6EgDfK/tUXi,0,False
"{""$oid"": ""671d08bb309149f8b600ca62""}",Marian,Lopez,marian.lopez92@example.com,$2b$10$S6PbVFVDdNsQc0RCPgH3uuRL0zPUX2oUOraBAEcrV1EqxgixmGc5.,0,False
"{""$oid"": ""671d08bb309149f8b600ca63""}",Ramon,Mercado,ramon.mercado93@example.com,$2b$10$DX9SXUo1mPvGKcVvRZvjrOSfXnXapmcvueGIWgdDafTnwVl7TBECW,0,False
"{""$oid"": ""671d08bb309149f8b600ca64""}",Vilma,Alcantara,vilma.alcantara94@example.com,$2b$10$5cOQwEwFypyVlR8LpEBt8OvbEKB3X.ZfVr3y1HmauO4f4P0j.E.bq,0,False
"{""$oid"": ""671d08bb309149f8b600ca65""}",Nora,Alcantara,nora.alcantara95@example.com,$2b$10$EPAwkmY7/XBRvZ/xwlJpaeyXHrHilGkmvGgg4EQgIDmaJqM3Ukm8K,0,False
"{""$oid"": ""671d08bb309149f8b600ca66""}",Lea,Alcantara,lea.alcantara96@example.com,$2b$10$WqnRSOFYwfSjhEuyQbSwgeY/BnsqnwedNhx6sk9Awe1IMnXeeD.iq,0,False
"{""$oid"": ""671d08bb309149f8b600ca67""}",Anne,Mercado,anne.mercado97@example.com,$2b$10$ieKtOs8C4Gtk0hgDLjRHT.xHnuOtS8PEONU/Yat0GUY6bjkZzOnvq,0,False
"{""$oid"": ""671d08bb309149f8b600ca68""}",Angel,Rodriguez,angel.rodriguez98@example.com,$2b$10$emZzBIp5Yasz6hCLJKtc1utBkbyKX0U8vr2v1mqDJVQm.wpElmfGG,0,False
"{""$oid"": ""671d08bb309149f8b600ca69""}",Corazon,Lacson,corazon.lacson99@example.com,$2b$10$6s2MGwy1pQihm9RhOd1A2./oZJy7LyWr2tVwRlMkL8HfFW6aR58VG,0,False
"{""$oid"": ""671d08bb309149f8b600ca6a""}",Richard,Mercado,richard.mercado100@example.com,$2b$10$XaLMeSy.KjpryBX.CyoTJ.jrEDYfPJmowUuCFLPyGpQV8uSopkN0a,0,False
"{""$oid"": ""671d08bb309149f8b600ca6b""}",Bong,Navarro,bong.navarro101@example.com,$2b$10$9EFDDbAB.G2c5BsFfEigCu.py2yT/mn.b1.XFb8V.XMpA92xsWyQO,0,False
"{""$oid"": ""671d08bb309149f8b600ca6c""}",Edu,Torres,edu.torres102@example.com,$2b$10$BBPQCRAzDXep5sTYh0XQw.nbEmG6v70KHdtCwYUz7KR6P51jTKjIm,0,False
"{""$oid"": ""671d08bb309149f8b600ca6d""}",Dingdong,Lacson,dingdong.lacson103@example.com,$2b$10$zs5UKb6w900J39FD8nfxHu65vMVBntZXf39Lie6zt0ZNFAqyq0Fi6,0,False
"{""$oid"": ""671d08bb309149f8b600ca6e""}",Jackie,Estrada,jackie.estrada104@example.com,$2b$10$vDfx4H3mf28pJGBXXLCUvea/zv7s6PDNehgKyPmnm/DHzx.NH73gK,0,False
"{""$oid"": ""671d08bb309149f8b600ca6f""}",Marian,Rivera,marian.rivera105@example.com,$2b$10$MrB2/4881J4VozTU1BL7buwL4thJce9pQBdRkbuRDpjqAjOcq0YVe,0,False
"{""$oid"": ""671d08bb309149f8b600ca70""}",Piolo,Rivera,piolo.rivera106@example.com,$2b$10$EqUQ640adX4JO6KM4yx9LOBFEbaMK9MNQJaLVPPGIa21h2AI90PLy,0,False
"{""$oid"": ""671d08bb309149f8b600ca71""}",Liza,Gomez,liza.gomez107@example.com,$2b$10$S7uy4CP218k2z8lhqM9qDeV66dsBxjDjc7MRSBVGbfSOHEM1x8bnW,0,False
"{""$oid"": ""671d08bb309149f8b600ca72""}",Angel,Morales,angel.morales108@example.com,$2b$10$iFSM/nedgkmwloCcLqTXiuYucrdTUb7xR5MCoIZ98J1jCHMMHpo26,0,False
"{""$oid"": ""671d08bb309149f8b600ca73""}",John,Mercado,john.mercado109@example.com,$2b$10$IBdxXtG55ZjIfRlGIzJxVeQEmfkK26CtVqSfsQzwneAXrwKffiZ1e,0,False
"{""$oid"": ""671d08bb309149f8b600ca74""}",Anne,Flores,anne.flores110@example.com,$2b$10$2YE0/lxxr/j6AYdSGhhijeYfeioYVH76EDBxAS/cu1OQBzZ/oO98y,0,False
"{""$oid"": ""671d08bb309149f8b600ca75""}",Sharon,Ortiz,sharon.ortiz111@example.com,$2b$10$CrjXmHVu8n6IVKuMNzeKquPcCbBcYYcyoS1/88gyVf2LiQTyN9MHy,0,False
"{""$oid"": ""671d08bb309149f8b600ca76""}",Coco,Lacson,coco.lacson112@example.com,$2b$10$8ZBECkmwg5yDZg/x56UCdOkr7TN6tIwQ0/WgrM5wopP5./7P1jKJq,0,False
"{""$oid"": ""671d08bb309149f8b600ca77""}",Corazon,Aquino,corazon.aquino113@example.com,$2b$10$8ZicLkbi7RyITW6FNFNyae2/UzCWNKN0F32o1yKEE7lmHpHHKxrem,0,False
"{""$oid"": ""671d08bb309149f8b600ca78""}",Dingdong,Lacson,dingdong.lacson114@example.com,$2b$10$LRmgMVGQ6bhJfFmXwPy/DeIakBJ4lHBrqI4OyUr6d5J.cpEUCZipO,0,False
"{""$oid"": ""671d08bb309149f8b600ca79""}",Diego,Mercado,diego.mercado115@example.com,$2b$10$cFZsjKtD2D.c90504WV/WOY0bk5KYBvZsiI1M9rC.BUmU2ZuYfWk.,0,False
"{""$oid"": ""671d08bb309149f8b600ca7a""}",Lea,Lopez,lea.lopez116@example.com,$2b$10$PAlLFIwfBpoV..CyM8tJu.ziPXvvP4Q.ArO6jo99Ve0kBZkr8.xAa,0,False
"{""$oid"": ""671d08bb309149f8b600ca7b""}",Angel,Diaz,angel.diaz117@example.com,$2b$10$dpc2nugAaeqG7u5yVM.n6u6KPOvqFBc8Bbq5v2EvOyIEn8hHB4dWe,0,False
"{""$oid"": ""671d08bb309149f8b600ca7c""}",Corazon,Castillo,corazon.castillo118@example.com,$2b$10$KdSlIZsFxb3qAn0gqWnl3eUVYZmPacpFNcDArInnq9gwwePSpsJLy,0,False
"{""$oid"": ""671d08bb309149f8b600ca7d""}",Angelica,Lopez,angelica.lopez119@example.com,$2b$10$jCdLZ672DsvnfLVOs4ZRBe9rrR1UHqmyyyQDQLbxCztCwKEvuCXyS,0,False
"{""$oid"": ""671d08bb309149f8b600ca7e""}",Vic,Santos,vic.santos120@example.com,$2b$10$i3xd/aPfXt5QMJcqjK.UNOVk6LqA/EQoDpc16gsWkP9DOoW/kT.Zi,0,False
"{""$oid"": ""671d08bb309149f8b600ca7f""}",Coco,Ortiz,coco.ortiz121@example.com,$2b$10$0Fq8SMaSzBmbh3b4/ixCCefA6CSG71d8hPhbdEyIlF3zKvC3PpuX.,0,False
"{""$oid"": ""671d08bb309149f8b600ca80""}",Edu,Alcantara,edu.alcantara122@example.com,$2b$10$9XL5pJPIYdX5WWGtylUJTOO4EoDpZ77zk/Ei.PBbAcsEzklo0wd6a,0,False
"{""$oid"": ""671d08bb309149f8b600ca81""}",Dingdong,Santos,dingdong.santos123@example.com,$2b$10$SAPcsXRdEEERwIsT2H3nfe6d9JgoCD.IF3puA9gRua06WsEvFO0di,0,False
"{""$oid"": ""671d08bb309149f8b600ca82""}",Bea,Fernandez,bea.fernandez124@example.com,$2b$10$MuHkBfgHk4cGf/ALKNv8duMrW9p1Tysg6vuLDtVXNWhmtmDVKXqNy,0,False
"{""$oid"": ""671d08bb309149f8b600ca83""}",Ramon,Torres,ramon.torres125@example.com,$2b$10$/Y3IbUGqQyCB7MyzFJLb6uvb1BlMTGsw.X68nJw/yyMDYGu6ox5vO,0,False
"{""$oid"": ""671d08bb309149f8b600ca84""}",Sarah,Reyes,sarah.reyes126@example.com,$2b$10$6OZD7oidbBtn2yyWpW9On.ZWpFrEuDqAfuYvYdl18tTdJuwz6p6Dq,0,False
"{""$oid"": ""671d08bb309149f8b600ca85""}",Ninoy,Lacson,ninoy.lacson127@example.com,$2b$10$N6CqnxEwXxPJhJgjGwcf4.3fCogLRHhr9nUGTZ5f2y4YozRsA1/uK,0,False
"{""$oid"": ""671d08bb309149f8b600ca86""}",Liza,Ortiz,liza.ortiz128@example.com,$2b$10$UF5j6H6R/siatOGm.JhtuOmHEY8J61qSHfocNQOMfJI/lbmuJnpNG,0,False
"{""$oid"": ""671d08bb309149f8b600ca87""}",Lea,Estrada,lea.estrada129@example.com,$2b$10$JEobw5f9fDtoe6qas930muqyEw7gelg0Kzw7IKvu/isti3ljGMDaW,0,False
"{""$oid"": ""671d08bb309149f8b600ca88""}",Angel,Torres,angel.torres130@example.com,$2b$10$t.5rL8/9hIRqIUU897Q5L.CpubJdTiky80dA9Fg9DB0znmooFDu1a,0,False
"{""$oid"": ""671d08bb309149f8b600ca89""}",Nora,Garcia,nora.garcia131@example.com,$2b$10$EnjxN0vFeGt4OTOXf/KeDuI9BAe1HWmfOLpog3XCGCll0EUQXnFGS,0,False
"{""$oid"": ""671d08bb309149f8b600ca8a""}",Dingdong,Diaz,dingdong.diaz132@example.com,$2b$10$w96IAVGkifErNnFS8EyG7uAdVVaekoYEIqlTw5pi9HKqQhgD.mB1S,0,False
"{""$oid"": ""671d08bb309149f8b600ca8b""}",John,Castillo,john.castillo133@example.com,$2b$10$qxEarSicK1DhZx6UKQu3ZuTOYxO8vEG/uO5NgqGVhZG6xN000.PB6,0,False
"{""$oid"": ""671d08bb309149f8b600ca8c""}",Ninoy,Cruz,ninoy.cruz134@example.com,$2b$10$WOdPo7xPudcSANrKIZmK9.QfagKvq.Mwg789c4i0.mqkydy5vwuIG,0,False
"{""$oid"": ""671d08bb309149f8b600ca8d""}",Corazon,Gomez,corazon.gomez135@example.com,$2b$10$XpViExvZb0qAVE11ud9SFONsEsACWHtYt2Py2vcnU2NR1uUIMyh82,0,False
"{""$oid"": ""671d08bb309149f8b600ca8e""}",Vic,Estrada,vic.estrada136@example.com,$2b$10$VMvyZPgswC3ChhMNCehDke5wZ4wOD69WYwuVapUwNj9kd9K3l5U.u,0,False
"{""$oid"": ""671d08bb309149f8b600ca8f""}",Piolo,Aquino,piolo.aquino137@example.com,$2b$10$Omh6TpDr.IGoxvWjgckknee4SMDBo.K0t7XCSrSW4gKV1Z3QQUDUO,0,False
"{""$oid"": ""671d08bb309149f8b600ca90""}",Vilma,Castillo,vilma.castillo138@example.com,$2b$10$uS8lluPdRb9bdA95YxSgzeO6uO9s3FXHmKn6hZtDYwE3yj8b9JQ1e,0,False
"{""$oid"": ""671d08bb309149f8b600ca91""}",Kris,Flores,kris.flores139@example.com,$2b$10$jTr2ZVTd.SyVELSpiZlYGuY6KKsWG88p.IpZN.qW6b3pNasoBh4ey,0,False
"{""$oid"": ""671d08bb309149f8b600ca92""}",Enrique,Mercado,enrique.mercado140@example.com,$2b$10$3YAol0BJ4TQBnmosp5lXCeGZxdBlMRNkzxcU53U0bbOTf1II4cAca,0,False
"{""$oid"": ""671d08bb309149f8b600ca93""}",Ninoy,Cruz,ninoy.cruz141@example.com,$2b$10$gdoOm37RJdL2SdzM5pC5oe4TH1Etzh.QKRU9LzR9wYt8/lNnoQUfa,0,False
"{""$oid"": ""671d08bb309149f8b600ca94""}",Gina,Reyes,gina.reyes142@example.com,$2b$10$Gakkblq0PEt/PNxD1d6hHeiFM8PRy75KCNebsLIIHEZW2wY5QpMP6,0,False
"{""$oid"": ""671d08bb309149f8b600ca95""}",Richard,Fernandez,richard.fernandez143@example.com,$2b$10$VGVpH7ttTxsC.fhg.0sND.iJUNp2ry.8z9GE9Ryp8rKyju2.FMC9W,0,False
"{""$oid"": ""671d08bb309149f8b600ca96""}",Vic,Velasquez,vic.velasquez144@example.com,$2b$10$qMCUR1f5wOkSiU/z4f0sbuV9pud5mdYOSPucF3StHuZ.eC/JGtDZe,0,False
"{""$oid"": ""671d08bb309149f8b600ca97""}",Ninoy,Estrada,ninoy.estrada145@example.com,$2b$10$t3tC7aaIwiVD/TfOS9zocu5IG/fs3HExRqosLAJImlXZTneRZaBG.,0,False
"{""$oid"": ""671d08bb309149f8b600ca98""}",Edu,Mendoza,edu.mendoza146@example.com,$2b$10$Tfc0c9wqiTfZxPl.k0w/.ufJ96gXU7f8w/DTwoSH9kKxTBKXv99rK,0,False
"{""$oid"": ""671d08bb309149f8b600ca99""}",Sharon,Ortiz,sharon.ortiz147@example.com,$2b$10$XV1vJJbGL/k1vkTHMlBsrOevn./ch9f49jVU5qEIscN6wIIu8UWC.,0,False
"{""$oid"": ""671d08bb309149f8b600ca9a""}",Coco,Velasquez,coco.velasquez148@example.com,$2b$10$lkHBxu1HFIEqykFj255e2.8MZiABPuDXRn2NgOrnBspLg02YBLAoy,0,False
"{""$oid"": ""671d08bb309149f8b600ca9b""}",Edu,Magsaysay,edu.magsaysay149@example.com,$2b$10$1/uXC9HczjUE/WL4uO7STOxRaYm.6yU4alqple8FNQZ7/jrOmgNSS,0,False
"{""$oid"": ""671d08bb309149f8b600ca9c""}",Corazon,Alcantara,corazon.alcantara150@example.com,$2b$10$./5w837QsrgrrJM97pk9Le1esfePmwQsbZTXaEQpEXzrU0AWxRbHO,0,False
"{""$oid"": ""671d08bb309149f8b600ca9d""}",Piolo,Mercado,piolo.mercado151@example.com,$2b$10$bGzLtAl.rqA2j2Q9vz3oS.LttuK5KMaamnCOeKWhzQJFCRqOCwZum,0,False
"{""$oid"": ""671d08bb309149f8b600ca9e""}",Luna,Diaz,luna.diaz152@example.com,$2b$10$yzh0BOp/pWNLYPX7AljWl.d3811CmAgq5flqcZx.rUcZ0hPv92XwS,0,False
"{""$oid"": ""671d08bb309149f8b600ca9f""}",Lea,Aquino,lea.aquino153@example.com,$2b$10$QulZrVgX7352aRukfFXgGuovkFQtNq71p0gEuvXPCQjSNIaOEqXuK,0,False
"{""$oid"": ""671d08bb309149f8b600caa0""}",Lani,Deleon,lani.deleon154@example.com,$2b$10$WKu61q6U8eZRYHiH7buo6eBQuqC4F5mXVjlHq/j72xN24MohjWecO,0,False
"{""$oid"": ""671d08bb309149f8b600caa1""}",Diego,Mendoza,diego.mendoza155@example.com,$2b$10$/ilEAqQ6.L/nUrFvsc4JD.RJxc5J/XtHeyisIZFsC4yyLbA4gYSzu,0,False
"{""$oid"": ""671d08bb309149f8b600caa2""}",Lani,Ramos,lani.ramos156@example.com,$2b$10$F0a9/iuWQXueZUwbOaYTne93mIoNeueGHZAZrvJGsKhkiFyd3EuE6,0,False
"{""$oid"": ""671d08bb309149f8b600caa3""}",Ramon,Ramos,ramon.ramos157@example.com,$2b$10$mbIYnruC1vpG1yp/rWDzkuYZSrzn.JPX6rveMSVtyB05KVZmwFKEi,0,False
"{""$oid"": ""671d08bb309149f8b600caa4""}",Richard,Torres,richard.torres158@example.com,$2b$10$k.IYnIG91vG6.BlZLHJ04OSDLCRv.63OmAuLD1xpRu3tKqPzFuo8C,0,False
"{""$oid"": ""671d08bb309149f8b600caa5""}",Nora,Torres,nora.torres159@example.com,$2b$10$kdJflMjUoiRswLz/i8Er0eXBx/bNpJuWfVH0H3fGxlR3YHfSeCe4e,0,False
"{""$oid"": ""671d08bb309149f8b600caa6""}",Corazon,Diaz,corazon.diaz160@example.com,$2b$10$yLGOW15hd/ZKilN5JVoauuQBrmAqoQlqflOii9IIbzBLoyBX1E196,0,False
"{""$oid"": ""671d08bb309149f8b600caa7""}",Bea,Mendoza,bea.mendoza161@example.com,$2b$10$DcvvDrONGY5IjoFw9S5KQe6Azt6R7eSLyz9t2Ov0bWYxK2q2stkxe,0,False
"{""$oid"": ""671d08bb309149f8b600caa8""}",Ninoy,Garcia,ninoy.garcia162@example.com,$2b$10$ixItKMMQRz64AkMc6QQsr.8dOsEbyDTS.zd5I7SWfKVEmxCH8BA22,0,False
"{""$oid"": ""671d08bb309149f8b600caa9""}",John,Pascual,john.pascual163@example.com,$2b$10$EOYMwvRKgbOIWz9oahQqlOWwD6m8uOG5xKVHPT9GA8vhDZRwwtDf6,0,False
"{""$oid"": ""671d08bb309149f8b600caaa""}",Gina,Torres,gina.torres164@example.com,$2b$10$h4blbbhKMfufF2nAiSHxJebw7qJneY1j0I3qlETKdgWQ/o2mxW3ei,0,False
"{""$oid"": ""671d08bb309149f8b600caab""}",Enrique,Sarmiento,enrique.sarmiento165@example.com,$2b$10$B11Ik7lRFghzVLyGpu8UkeWEQAnYPTHV20/nbfKxFwrkOF.cXbS82,0,False
"{""$oid"": ""671d08bb309149f8b600caac""}",Robin,Rivera,robin.rivera166@example.com,$2b$10$Sno26tll/kV2kxFLltlLhe.gM.tyhqz/CWxueCs43SWmp8WCMCM0.,0,False
"{""$oid"": ""671d08bb309149f8b600caad""}",Sarah,Lacson,sarah.lacson167@example.com,$2b$10$yPYokY3syqxHSzeKG/2XX.NuGa373d/0hH89gQTjUd5jUQkqBf6Ha,0,False
"{""$oid"": ""671d08bb309149f8b600caae""}",Marian,Deleon,marian.deleon168@example.com,$2b$10$KpBwyUEjN/gQqaEQ6iOpourrl8J5Wy.iJac.JwZtA/NyfTzeim6yK,0,False
"{""$oid"": ""671d08bb309149f8b600caaf""}",Jackie,Gomez,jackie.gomez169@example.com,$2b$10$VjiPiK9AVnJHeDkcwWh0VO49vCHlvalSwxmYNVks9mvCXBp5wxXcm,0,False
"{""$oid"": ""671d08bb309149f8b600cab0""}",Piolo,Santos,piolo.santos170@example.com,$2b$10$tXnQKD1BmOeMwVA.LwwLf.dhwow1jndpKebTcCyqjwSqfr0TvJEO6,0,False
"{""$oid"": ""671d08bb309149f8b600cab1""}",Lani,Garcia,lani.garcia171@example.com,$2b$10$1pd4ED3LLp0ozOLdcgwAgOMRFnncXFSzefWMGfhmx7ymIFuHzO6Am,0,False
"{""$oid"": ""671d08bb309149f8b600cab2""}",Bong,Castillo,bong.castillo172@example.com,$2b$10$TRA5.EeQNJJhG4JPUi/4w.S4VVrs8ouePnf54TZ7a11Y1pUXbcwTi,0,False
"{""$oid"": ""671d08bb309149f8b600cab3""}",Edu,Mendoza,edu.mendoza173@example.com,$2b$10$Y1jIz38cuZR2bOT5dC1w6epcGsFtpngNx3Ngi0oqkBX6ip9.U686O,0,False
"{""$oid"": ""671d08bb309149f8b600cab4""}",Coco,Mercado,coco.mercado174@example.com,$2b$10$OQk2oVj0YVW7IPfBSRk0G.AlqbnrxGbyz1MNfuMTgfXtVcFOAeJFS,0,False
"{""$oid"": ""671d08bb309149f8b600cab5""}",Vilma,Rivera,vilma.rivera175@example.com,$2b$10$Dle59W2iEZgzdRvaW//iU.ycvdCx59mLjAFfTsVaXC0hbxzCvfipW,0,False
"{""$oid"": ""671d08bb309149f8b600cab6""}",Richard,Gatchalian,richard.gatchalian176@example.com,$2b$10$dxCRpAnkKUvhQxJO75hmDOvC2TWCFVXbIlBBcnT0wHW0sbl.EUgSG,0,False
"{""$oid"": ""671d08bb309149f8b600cab7""}",Vilma,Aquino,vilma.aquino177@example.com,$2b$10$ggqEgKm4PxI.vbHGDZr54uizuky4.5ey1eDE9ovMqOppBd4od5iFa,0,False
"{""$oid"": ""671d08bb309149f8b600cab8""}",Kris,Luna,kris.luna178@example.com,$2b$10$3C3TNiz/IXFpg9EauBdxXOpa3pNRBVElRUB301fDNeHguPn0nrlRa,0,False
"{""$oid"": ""671d08bb309149f8b600cab9""}",Angelica,Pascual,angelica.pascual179@example.com,$2b$10$yLkbzOCKNvKAiuolgscbDOHGMTN2CqLhBK/Hx6IdG4f/2WtqGzfd6,0,False
"{""$oid"": ""671d08bb309149f8b600caba""}",Ninoy,Gomez,ninoy.gomez180@example.com,$2b$10$SCuEOaLXqRT7KZeavPZWjOZU927DUqz8QM5J6FuU3bk88BC6A.kmS,0,False
"{""$oid"": ""671d08bb309149f8b600cabb""}",Marian,Rivera,marian.rivera181@example.com,$2b$10$i.gXsTUpELzbt7vrq7tLue9CxN9xNQoByMBZblDdiUnwuitoZL0ai,0,False
"{""$oid"": ""671d08bb309149f8b600cabc""}",Bong,Castillo,bong.castillo182@example.com,$2b$10$QoCIoC8fxeJgDpwgdPgi.ebZOtJrL5Jh6SAp8IPUi9gp/kgIgZDNO,0,False
"{""$oid"": ""671d08bb309149f8b600cabd""}",Ramon,Torres,ramon.torres183@example.com,$2b$10$C3Ijkj5xkoOgvpuBYSKpSupSIn/G6EMarGgUrkj1lMzEEO.PYSQuy,0,False
"{""$oid"": ""671d08bb309149f8b600cabe""}",Vilma,Ortiz,vilma.ortiz184@example.com,$2b$10$GaDS7i7xA6qjICCg4Fpy8eAtUynog3GIfzQFk/RDC70NaSqcEoy46,0,False
"{""$oid"": ""671d08bb309149f8b600cabf""}",Richard,Pascual,richard.pascual185@example.com,$2b$10$Kcf8k.oFdhLhtTo8DxBc6evcMpYlFFwF8Wiel3VK7YdmlqCmdysrS,0,False
"{""$oid"": ""671d08bb309149f8b600cac0""}",Sarah,Mendoza,sarah.mendoza186@example.com,$2b$10$fzYwtDYFzJP7gfK5RhJc9.zQVhlXWENFqM6Nu3wsLGXwARaC9DECO,0,False
"{""$oid"": ""671d08bb309149f8b600cac1""}",Sharon,Estrada,sharon.estrada187@example.com,$2b$10$FJ.ROvlsMLZuiCFJTGZFZuI5CckDsLr3jDG7vq7/PpotPGVU9FYCe,0,False
"{""$oid"": ""671d08bb309149f8b600cac2""}",Bea,Gatchalian,bea.gatchalian188@example.com,$2b$10$dEVnbzTWMyCFN92VZoae6uCk0ZQ/LcF5oyU90pTB3WYwk6Ijm.5LW,0,False
"{""$oid"": ""671d08bb309149f8b600cac3""}",Jackie,Rivera,jackie.rivera189@example.com,$2b$10$L/HGZNUANTH6GDyzyAdCWOB9DpMwt9.sslkbcdXzcQScj99zi79hm,0,False
"{""$oid"": ""671d08bb309149f8b600cac4""}",Lea,Lopez,lea.lopez190@example.com,$2b$10$rNUVejjzIOKekRaMeekEu.kSW5y892e.kebaHKF59XysCOI87QPcW,0,False
"{""$oid"": ""671d08bb309149f8b600cac5""}",Sarah,Velasquez,sarah.velasquez191@example.com,$2b$10$vBhwcFA64Tza0ASRz0.q5ebRbYaJxlVD71ZF4lkQb..pLIonT9fmO,0,False
"{""$oid"": ""671d08bb309149f8b600cac6""}",Bea,Luna,bea.luna192@example.com,$2b$10$V1TY3UVdpc0jVELfkvFhw.PTaal0N8vaXvKqD37CPRPbwgRvziS5K,0,False
"{""$oid"": ""671d08bb309149f8b600cac7""}",Marian,Ortiz,marian.ortiz193@example.com,$2b$10$RBipvYuOJLG9pHobxQCHMOwHWf9GfK1p5oqyYYba7Nj76VxasOeh6,0,False
"{""$oid"": ""671d08bb309149f8b600cac8""}",Edu,Alcantara,edu.alcantara194@example.com,$2b$10$5I6jZWaRTdSnR9J8.Pic...GIJtOydSDCYxBbnXuaWZTfF8ax6gTu,0,False
"{""$oid"": ""671d08bb309149f8b600cac9""}",Dingdong,Rivera,dingdong.rivera195@example.com,$2b$10$f0CVLlHPZJ4eK7eZ7QotOOlCWfNWIwi4HvF3V.u5pK4YP17oHWHju,0,False
"{""$oid"": ""671d08bb309149f8b600caca""}",Fernando,Sarmiento,fernando.sarmiento196@example.com,$2b$10$GvyRehksMrkCXDiOzV0HjuxbG2SZ.7oOeJb12KG8PvN4A2kcWDv42,0,False
"{""$oid"": ""671d08bb309149f8b600cacb""}",Dingdong,Reyes,dingdong.reyes197@example.com,$2b$10$BknopUszrTqJZQ4FTStNx.3FsB43UaUCh3Uyq5kwzPp4nafnQLHZK,0,False
"{""$oid"": ""671d08bb309149f8b600cacc""}",Richard,Garcia,richard.garcia198@example.com,$2b$10$Amt4MPyql2GZrm37jowTweC50OaGNJT45OfGkKNhOazhmhNojLvny,0,False
"{""$oid"": ""671d08bb309149f8b600cacd""}",Marian,Santos,marian.santos199@example.com,$2b$10$t6QdAps7eJ4HS9/zClB0FOW09Dn7TgEYSSmnXB4Oh27UlLWDrMInO,0,False
